path,true_label,pred_label,top1_prob
/home/23ucc611/Mini/data/BananaLSD/OriginalSet/cordana/0.jpeg,0,0,0.9450693726539612
/home/23ucc611/Mini/data/BananaLSD/OriginalSet/cordana/1.jpeg,0,0,0.9479361176490784
/home/23ucc611/Mini/data/BananaLSD/OriginalSet/cordana/10.jpeg,0,0,0.974563717842102
/home/23ucc611/Mini/data/BananaLSD/OriginalSet/cordana/100.jpeg,0,0,0.9645841121673584
/home/23ucc611/Mini/data/BananaLSD/OriginalSet/cordana/101.jpeg,0,0,0.9333294034004211
/home/23ucc611/Mini/data/BananaLSD/OriginalSet/cordana/102.jpeg,0,0,0.9428834915161133
/home/23ucc611/Mini/data/BananaLSD/OriginalSet/cordana/103.jpeg,0,0,0.9579871892929077
/home/23ucc611/Mini/data/BananaLSD/OriginalSet/cordana/104.jpeg,0,0,0.9354422092437744
/home/23ucc611/Mini/data/BananaLSD/OriginalSet/cordana/105.jpeg,0,0,0.981766402721405
/home/23ucc611/Mini/data/BananaLSD/OriginalSet/cordana/106.jpeg,0,0,0.932482123374939
/home/23ucc611/Mini/data/BananaLSD/OriginalSet/cordana/107.jpeg,0,0,0.9339638948440552
/home/23ucc611/Mini/data/BananaLSD/OriginalSet/cordana/108.jpeg,0,0,0.9434310793876648
/home/23ucc611/Mini/data/BananaLSD/OriginalSet/cordana/109.jpeg,0,0,0.950040340423584
/home/23ucc611/Mini/data/BananaLSD/OriginalSet/cordana/11.jpeg,0,0,0.9559493064880371
/home/23ucc611/Mini/data/BananaLSD/OriginalSet/cordana/110.jpeg,0,0,0.9171212315559387
/home/23ucc611/Mini/data/BananaLSD/OriginalSet/cordana/111.jpeg,0,0,0.9432880878448486
/home/23ucc611/Mini/data/BananaLSD/OriginalSet/cordana/112.jpeg,0,0,0.9462807774543762
/home/23ucc611/Mini/data/BananaLSD/OriginalSet/cordana/113.jpeg,0,0,0.9358755350112915
/home/23ucc611/Mini/data/BananaLSD/OriginalSet/cordana/114.jpeg,0,0,0.9550641179084778
/home/23ucc611/Mini/data/BananaLSD/OriginalSet/cordana/115.jpeg,0,0,0.9492355585098267
/home/23ucc611/Mini/data/BananaLSD/OriginalSet/cordana/116.jpeg,0,0,0.9555206894874573
/home/23ucc611/Mini/data/BananaLSD/OriginalSet/cordana/117.jpeg,0,0,0.9428655505180359
/home/23ucc611/Mini/data/BananaLSD/OriginalSet/cordana/118.jpeg,0,0,0.9359381794929504
/home/23ucc611/Mini/data/BananaLSD/OriginalSet/cordana/119.jpeg,0,0,0.9239701628684998
/home/23ucc611/Mini/data/BananaLSD/OriginalSet/cordana/12.jpeg,0,0,0.9435791969299316
/home/23ucc611/Mini/data/BananaLSD/OriginalSet/cordana/120.jpeg,0,0,0.9801371693611145
/home/23ucc611/Mini/data/BananaLSD/OriginalSet/cordana/121.jpeg,0,0,0.9398931860923767
/home/23ucc611/Mini/data/BananaLSD/OriginalSet/cordana/122.jpeg,0,0,0.9557020664215088
/home/23ucc611/Mini/data/BananaLSD/OriginalSet/cordana/123.jpeg,0,0,0.9704188108444214
/home/23ucc611/Mini/data/BananaLSD/OriginalSet/cordana/124.jpeg,0,0,0.9377053380012512
/home/23ucc611/Mini/data/BananaLSD/OriginalSet/cordana/125.jpeg,0,0,0.9393002986907959
/home/23ucc611/Mini/data/BananaLSD/OriginalSet/cordana/126.jpeg,0,0,0.9527499675750732
/home/23ucc611/Mini/data/BananaLSD/OriginalSet/cordana/127.jpeg,0,0,0.8865616917610168
/home/23ucc611/Mini/data/BananaLSD/OriginalSet/cordana/128.jpeg,0,3,0.6613688468933105
/home/23ucc611/Mini/data/BananaLSD/OriginalSet/cordana/129.jpeg,0,0,0.9562894105911255
/home/23ucc611/Mini/data/BananaLSD/OriginalSet/cordana/13.jpeg,0,0,0.9675903916358948
/home/23ucc611/Mini/data/BananaLSD/OriginalSet/cordana/130.jpeg,0,0,0.9894062876701355
/home/23ucc611/Mini/data/BananaLSD/OriginalSet/cordana/131.jpeg,0,0,0.9270793795585632
/home/23ucc611/Mini/data/BananaLSD/OriginalSet/cordana/132.jpeg,0,0,0.9430732131004333
/home/23ucc611/Mini/data/BananaLSD/OriginalSet/cordana/133.jpeg,0,0,0.8620485067367554
/home/23ucc611/Mini/data/BananaLSD/OriginalSet/cordana/134.jpeg,0,0,0.948026716709137
/home/23ucc611/Mini/data/BananaLSD/OriginalSet/cordana/135.jpeg,0,0,0.9594635367393494
/home/23ucc611/Mini/data/BananaLSD/OriginalSet/cordana/136.jpeg,0,0,0.95845627784729
/home/23ucc611/Mini/data/BananaLSD/OriginalSet/cordana/137.jpeg,0,0,0.7422904968261719
/home/23ucc611/Mini/data/BananaLSD/OriginalSet/cordana/138.jpeg,0,0,0.9532783031463623
/home/23ucc611/Mini/data/BananaLSD/OriginalSet/cordana/139.jpeg,0,0,0.972622811794281
/home/23ucc611/Mini/data/BananaLSD/OriginalSet/cordana/14.jpeg,0,0,0.9833024144172668
/home/23ucc611/Mini/data/BananaLSD/OriginalSet/cordana/140.jpeg,0,0,0.9682673215866089
/home/23ucc611/Mini/data/BananaLSD/OriginalSet/cordana/141.jpeg,0,0,0.9264112710952759
/home/23ucc611/Mini/data/BananaLSD/OriginalSet/cordana/142.jpeg,0,0,0.9827839136123657
/home/23ucc611/Mini/data/BananaLSD/OriginalSet/cordana/143.jpeg,0,0,0.9115458130836487
/home/23ucc611/Mini/data/BananaLSD/OriginalSet/cordana/144.jpeg,0,0,0.9897133111953735
/home/23ucc611/Mini/data/BananaLSD/OriginalSet/cordana/145.jpeg,0,0,0.9321320056915283
/home/23ucc611/Mini/data/BananaLSD/OriginalSet/cordana/146.jpeg,0,0,0.9177551865577698
/home/23ucc611/Mini/data/BananaLSD/OriginalSet/cordana/147.jpeg,0,0,0.9455598592758179
/home/23ucc611/Mini/data/BananaLSD/OriginalSet/cordana/148.jpeg,0,0,0.9899330139160156
/home/23ucc611/Mini/data/BananaLSD/OriginalSet/cordana/149.jpeg,0,0,0.946905791759491
/home/23ucc611/Mini/data/BananaLSD/OriginalSet/cordana/15.jpeg,0,0,0.9646750688552856
/home/23ucc611/Mini/data/BananaLSD/OriginalSet/cordana/150.jpeg,0,0,0.9338060021400452
/home/23ucc611/Mini/data/BananaLSD/OriginalSet/cordana/151.jpeg,0,0,0.9537048935890198
/home/23ucc611/Mini/data/BananaLSD/OriginalSet/cordana/152.jpeg,0,0,0.9065269827842712
/home/23ucc611/Mini/data/BananaLSD/OriginalSet/cordana/153.jpeg,0,0,0.9690908193588257
/home/23ucc611/Mini/data/BananaLSD/OriginalSet/cordana/154.jpeg,0,0,0.9648331999778748
/home/23ucc611/Mini/data/BananaLSD/OriginalSet/cordana/155.jpeg,0,0,0.9548309445381165
/home/23ucc611/Mini/data/BananaLSD/OriginalSet/cordana/156.jpeg,0,0,0.9518217444419861
/home/23ucc611/Mini/data/BananaLSD/OriginalSet/cordana/157.jpeg,0,0,0.9786856174468994
/home/23ucc611/Mini/data/BananaLSD/OriginalSet/cordana/158.jpeg,0,0,0.9361281394958496
/home/23ucc611/Mini/data/BananaLSD/OriginalSet/cordana/159.jpeg,0,0,0.9685985445976257
/home/23ucc611/Mini/data/BananaLSD/OriginalSet/cordana/16.jpeg,0,0,0.9332623481750488
/home/23ucc611/Mini/data/BananaLSD/OriginalSet/cordana/160.jpeg,0,0,0.9173768758773804
/home/23ucc611/Mini/data/BananaLSD/OriginalSet/cordana/161.jpeg,0,0,0.9337446689605713
/home/23ucc611/Mini/data/BananaLSD/OriginalSet/cordana/17.jpeg,0,0,0.9667983055114746
/home/23ucc611/Mini/data/BananaLSD/OriginalSet/cordana/18.jpeg,0,0,0.9231905937194824
/home/23ucc611/Mini/data/BananaLSD/OriginalSet/cordana/19.jpeg,0,0,0.9685797691345215
/home/23ucc611/Mini/data/BananaLSD/OriginalSet/cordana/2.jpeg,0,0,0.9399374723434448
/home/23ucc611/Mini/data/BananaLSD/OriginalSet/cordana/20.jpeg,0,0,0.9048618078231812
/home/23ucc611/Mini/data/BananaLSD/OriginalSet/cordana/21.jpeg,0,0,0.9766716957092285
/home/23ucc611/Mini/data/BananaLSD/OriginalSet/cordana/22.jpeg,0,0,0.9645753502845764
/home/23ucc611/Mini/data/BananaLSD/OriginalSet/cordana/23.jpeg,0,0,0.9514562487602234
/home/23ucc611/Mini/data/BananaLSD/OriginalSet/cordana/24.jpeg,0,0,0.9160809516906738
/home/23ucc611/Mini/data/BananaLSD/OriginalSet/cordana/25.jpeg,0,0,0.9200161695480347
/home/23ucc611/Mini/data/BananaLSD/OriginalSet/cordana/26.jpeg,0,0,0.9421839714050293
/home/23ucc611/Mini/data/BananaLSD/OriginalSet/cordana/27.jpeg,0,0,0.9612128138542175
/home/23ucc611/Mini/data/BananaLSD/OriginalSet/cordana/28.jpeg,0,0,0.951568067073822
/home/23ucc611/Mini/data/BananaLSD/OriginalSet/cordana/29.jpeg,0,0,0.967613697052002
/home/23ucc611/Mini/data/BananaLSD/OriginalSet/cordana/3.jpeg,0,0,0.9477018117904663
/home/23ucc611/Mini/data/BananaLSD/OriginalSet/cordana/30.jpeg,0,0,0.9600822329521179
/home/23ucc611/Mini/data/BananaLSD/OriginalSet/cordana/31.jpeg,0,0,0.8986154198646545
/home/23ucc611/Mini/data/BananaLSD/OriginalSet/cordana/32.jpeg,0,0,0.9527469277381897
/home/23ucc611/Mini/data/BananaLSD/OriginalSet/cordana/33.jpeg,0,0,0.9603890180587769
/home/23ucc611/Mini/data/BananaLSD/OriginalSet/cordana/34.jpeg,0,0,0.9144971370697021
/home/23ucc611/Mini/data/BananaLSD/OriginalSet/cordana/35.jpeg,0,0,0.9381441473960876
/home/23ucc611/Mini/data/BananaLSD/OriginalSet/cordana/36.jpeg,0,0,0.9185142517089844
/home/23ucc611/Mini/data/BananaLSD/OriginalSet/cordana/37.jpeg,0,0,0.9338346719741821
/home/23ucc611/Mini/data/BananaLSD/OriginalSet/cordana/38.jpeg,0,0,0.9482308626174927
/home/23ucc611/Mini/data/BananaLSD/OriginalSet/cordana/39.jpeg,0,0,0.9577646851539612
/home/23ucc611/Mini/data/BananaLSD/OriginalSet/cordana/4.jpeg,0,0,0.9359279274940491
/home/23ucc611/Mini/data/BananaLSD/OriginalSet/cordana/40.jpeg,0,0,0.9407703876495361
/home/23ucc611/Mini/data/BananaLSD/OriginalSet/cordana/41.jpeg,0,0,0.886846661567688
/home/23ucc611/Mini/data/BananaLSD/OriginalSet/cordana/42.jpeg,0,0,0.9246518611907959
/home/23ucc611/Mini/data/BananaLSD/OriginalSet/cordana/43.jpeg,0,0,0.9409359693527222
/home/23ucc611/Mini/data/BananaLSD/OriginalSet/cordana/44.jpeg,0,0,0.9631433486938477
/home/23ucc611/Mini/data/BananaLSD/OriginalSet/cordana/45.jpeg,0,0,0.95876544713974
/home/23ucc611/Mini/data/BananaLSD/OriginalSet/cordana/46.jpeg,0,0,0.9440699219703674
/home/23ucc611/Mini/data/BananaLSD/OriginalSet/cordana/47.jpeg,0,0,0.9299201369285583
/home/23ucc611/Mini/data/BananaLSD/OriginalSet/cordana/48.jpeg,0,0,0.9775832891464233
/home/23ucc611/Mini/data/BananaLSD/OriginalSet/cordana/49.jpeg,0,0,0.9794801473617554
/home/23ucc611/Mini/data/BananaLSD/OriginalSet/cordana/5.jpeg,0,0,0.9583629965782166
/home/23ucc611/Mini/data/BananaLSD/OriginalSet/cordana/50.jpeg,0,0,0.9597534537315369
/home/23ucc611/Mini/data/BananaLSD/OriginalSet/cordana/51.jpeg,0,0,0.9299579858779907
/home/23ucc611/Mini/data/BananaLSD/OriginalSet/cordana/52.jpeg,0,0,0.9154969453811646
/home/23ucc611/Mini/data/BananaLSD/OriginalSet/cordana/53.jpeg,0,0,0.9280250668525696
/home/23ucc611/Mini/data/BananaLSD/OriginalSet/cordana/54.jpeg,0,0,0.9361489415168762
/home/23ucc611/Mini/data/BananaLSD/OriginalSet/cordana/55.jpeg,0,0,0.9507820010185242
/home/23ucc611/Mini/data/BananaLSD/OriginalSet/cordana/56.jpeg,0,0,0.937111496925354
/home/23ucc611/Mini/data/BananaLSD/OriginalSet/cordana/57.jpeg,0,0,0.948663592338562
/home/23ucc611/Mini/data/BananaLSD/OriginalSet/cordana/58.jpeg,0,0,0.9572035074234009
/home/23ucc611/Mini/data/BananaLSD/OriginalSet/cordana/59.jpeg,0,0,0.948654055595398
/home/23ucc611/Mini/data/BananaLSD/OriginalSet/cordana/6.jpeg,0,0,0.9319770336151123
/home/23ucc611/Mini/data/BananaLSD/OriginalSet/cordana/60.jpeg,0,0,0.905940055847168
/home/23ucc611/Mini/data/BananaLSD/OriginalSet/cordana/61.jpeg,0,0,0.9592317342758179
/home/23ucc611/Mini/data/BananaLSD/OriginalSet/cordana/62.jpeg,0,0,0.9421566724777222
/home/23ucc611/Mini/data/BananaLSD/OriginalSet/cordana/63.jpeg,0,0,0.9696210026741028
/home/23ucc611/Mini/data/BananaLSD/OriginalSet/cordana/64.jpeg,0,0,0.9223846793174744
/home/23ucc611/Mini/data/BananaLSD/OriginalSet/cordana/65.jpeg,0,0,0.9704082608222961
/home/23ucc611/Mini/data/BananaLSD/OriginalSet/cordana/66.jpeg,0,0,0.947374701499939
/home/23ucc611/Mini/data/BananaLSD/OriginalSet/cordana/67.jpeg,0,0,0.960393488407135
/home/23ucc611/Mini/data/BananaLSD/OriginalSet/cordana/68.jpeg,0,0,0.9176268577575684
/home/23ucc611/Mini/data/BananaLSD/OriginalSet/cordana/69.jpeg,0,0,0.9518181085586548
/home/23ucc611/Mini/data/BananaLSD/OriginalSet/cordana/7.jpeg,0,0,0.9279614090919495
/home/23ucc611/Mini/data/BananaLSD/OriginalSet/cordana/70.jpeg,0,0,0.9187637567520142
/home/23ucc611/Mini/data/BananaLSD/OriginalSet/cordana/71.jpeg,0,0,0.9308024048805237
/home/23ucc611/Mini/data/BananaLSD/OriginalSet/cordana/72.jpeg,0,0,0.8905503749847412
/home/23ucc611/Mini/data/BananaLSD/OriginalSet/cordana/73.jpeg,0,0,0.9817206859588623
/home/23ucc611/Mini/data/BananaLSD/OriginalSet/cordana/74.jpeg,0,0,0.9840930700302124
/home/23ucc611/Mini/data/BananaLSD/OriginalSet/cordana/75.jpeg,0,0,0.9587349891662598
/home/23ucc611/Mini/data/BananaLSD/OriginalSet/cordana/76.jpeg,0,0,0.9332472681999207
/home/23ucc611/Mini/data/BananaLSD/OriginalSet/cordana/77.jpeg,0,0,0.9632442593574524
/home/23ucc611/Mini/data/BananaLSD/OriginalSet/cordana/78.jpeg,0,0,0.9480112195014954
/home/23ucc611/Mini/data/BananaLSD/OriginalSet/cordana/79.jpeg,0,0,0.9642056226730347
/home/23ucc611/Mini/data/BananaLSD/OriginalSet/cordana/8.jpeg,0,0,0.9670408964157104
/home/23ucc611/Mini/data/BananaLSD/OriginalSet/cordana/80.jpeg,0,0,0.9638900756835938
/home/23ucc611/Mini/data/BananaLSD/OriginalSet/cordana/81.jpeg,0,0,0.945935070514679
/home/23ucc611/Mini/data/BananaLSD/OriginalSet/cordana/82.jpeg,0,0,0.9451788663864136
/home/23ucc611/Mini/data/BananaLSD/OriginalSet/cordana/83.jpeg,0,0,0.975128710269928
/home/23ucc611/Mini/data/BananaLSD/OriginalSet/cordana/84.jpeg,0,0,0.9448949098587036
/home/23ucc611/Mini/data/BananaLSD/OriginalSet/cordana/85.jpeg,0,0,0.9074043035507202
/home/23ucc611/Mini/data/BananaLSD/OriginalSet/cordana/86.jpeg,0,0,0.9538740515708923
/home/23ucc611/Mini/data/BananaLSD/OriginalSet/cordana/87.jpeg,0,0,0.9650088548660278
/home/23ucc611/Mini/data/BananaLSD/OriginalSet/cordana/88.jpeg,0,0,0.9201009273529053
/home/23ucc611/Mini/data/BananaLSD/OriginalSet/cordana/89.jpeg,0,0,0.9732282161712646
/home/23ucc611/Mini/data/BananaLSD/OriginalSet/cordana/9.jpeg,0,0,0.9577021598815918
/home/23ucc611/Mini/data/BananaLSD/OriginalSet/cordana/90.jpeg,0,0,0.9657127857208252
/home/23ucc611/Mini/data/BananaLSD/OriginalSet/cordana/91.jpeg,0,0,0.9188365340232849
/home/23ucc611/Mini/data/BananaLSD/OriginalSet/cordana/92.jpeg,0,0,0.956348717212677
/home/23ucc611/Mini/data/BananaLSD/OriginalSet/cordana/93.jpeg,0,0,0.9505712985992432
/home/23ucc611/Mini/data/BananaLSD/OriginalSet/cordana/94.jpeg,0,0,0.9077039957046509
/home/23ucc611/Mini/data/BananaLSD/OriginalSet/cordana/95.jpeg,0,0,0.9045631885528564
/home/23ucc611/Mini/data/BananaLSD/OriginalSet/cordana/96.jpeg,0,0,0.9293864965438843
/home/23ucc611/Mini/data/BananaLSD/OriginalSet/cordana/97.jpeg,0,0,0.9139112830162048
/home/23ucc611/Mini/data/BananaLSD/OriginalSet/cordana/98.jpeg,0,0,0.9643715620040894
/home/23ucc611/Mini/data/BananaLSD/OriginalSet/cordana/99.jpeg,0,0,0.9428476691246033
/home/23ucc611/Mini/data/BananaLSD/OriginalSet/healthy/0.jpeg,1,1,0.954340934753418
/home/23ucc611/Mini/data/BananaLSD/OriginalSet/healthy/1.jpeg,1,1,0.9500171542167664
/home/23ucc611/Mini/data/BananaLSD/OriginalSet/healthy/10.jpeg,1,1,0.935232400894165
/home/23ucc611/Mini/data/BananaLSD/OriginalSet/healthy/100.jpeg,1,1,0.9576892256736755
/home/23ucc611/Mini/data/BananaLSD/OriginalSet/healthy/101.jpeg,1,1,0.9660593271255493
/home/23ucc611/Mini/data/BananaLSD/OriginalSet/healthy/102.jpeg,1,1,0.9178342819213867
/home/23ucc611/Mini/data/BananaLSD/OriginalSet/healthy/103.jpeg,1,1,0.9678424596786499
/home/23ucc611/Mini/data/BananaLSD/OriginalSet/healthy/104.jpeg,1,1,0.954340934753418
/home/23ucc611/Mini/data/BananaLSD/OriginalSet/healthy/105.jpeg,1,1,0.9527197480201721
/home/23ucc611/Mini/data/BananaLSD/OriginalSet/healthy/106.jpeg,1,1,0.935232400894165
/home/23ucc611/Mini/data/BananaLSD/OriginalSet/healthy/107.jpeg,1,1,0.9516493082046509
/home/23ucc611/Mini/data/BananaLSD/OriginalSet/healthy/108.jpeg,1,1,0.9428725838661194
/home/23ucc611/Mini/data/BananaLSD/OriginalSet/healthy/109.jpeg,1,1,0.9500171542167664
/home/23ucc611/Mini/data/BananaLSD/OriginalSet/healthy/11.jpeg,1,1,0.9527197480201721
/home/23ucc611/Mini/data/BananaLSD/OriginalSet/healthy/110.jpeg,1,1,0.9678424596786499
/home/23ucc611/Mini/data/BananaLSD/OriginalSet/healthy/111.jpeg,1,1,0.9414845108985901
/home/23ucc611/Mini/data/BananaLSD/OriginalSet/healthy/112.jpeg,1,1,0.9814854860305786
/home/23ucc611/Mini/data/BananaLSD/OriginalSet/healthy/113.jpeg,1,1,0.9754526615142822
/home/23ucc611/Mini/data/BananaLSD/OriginalSet/healthy/114.jpeg,1,1,0.9874944090843201
/home/23ucc611/Mini/data/BananaLSD/OriginalSet/healthy/115.jpeg,1,1,0.9691962599754333
/home/23ucc611/Mini/data/BananaLSD/OriginalSet/healthy/116.jpeg,1,1,0.9662426114082336
/home/23ucc611/Mini/data/BananaLSD/OriginalSet/healthy/117.jpeg,1,1,0.9797611236572266
/home/23ucc611/Mini/data/BananaLSD/OriginalSet/healthy/118.jpeg,1,1,0.9600956439971924
/home/23ucc611/Mini/data/BananaLSD/OriginalSet/healthy/119.jpeg,1,1,0.9627959132194519
/home/23ucc611/Mini/data/BananaLSD/OriginalSet/healthy/12.jpeg,1,1,0.9602570533752441
/home/23ucc611/Mini/data/BananaLSD/OriginalSet/healthy/120.jpeg,1,1,0.9337969422340393
/home/23ucc611/Mini/data/BananaLSD/OriginalSet/healthy/121.jpeg,1,1,0.9227834343910217
/home/23ucc611/Mini/data/BananaLSD/OriginalSet/healthy/122.jpeg,1,1,0.6252613663673401
/home/23ucc611/Mini/data/BananaLSD/OriginalSet/healthy/123.jpeg,1,1,0.9475563168525696
/home/23ucc611/Mini/data/BananaLSD/OriginalSet/healthy/124.jpeg,1,1,0.9717845916748047
/home/23ucc611/Mini/data/BananaLSD/OriginalSet/healthy/125.jpeg,1,1,0.9694499969482422
/home/23ucc611/Mini/data/BananaLSD/OriginalSet/healthy/126.jpeg,1,1,0.9869149327278137
/home/23ucc611/Mini/data/BananaLSD/OriginalSet/healthy/127.jpeg,1,1,0.9717262983322144
/home/23ucc611/Mini/data/BananaLSD/OriginalSet/healthy/128.jpeg,1,1,0.9667794704437256
/home/23ucc611/Mini/data/BananaLSD/OriginalSet/healthy/13.jpeg,1,1,0.9091447591781616
/home/23ucc611/Mini/data/BananaLSD/OriginalSet/healthy/14.jpeg,1,1,0.9516493082046509
/home/23ucc611/Mini/data/BananaLSD/OriginalSet/healthy/15.jpeg,1,1,0.9699804186820984
/home/23ucc611/Mini/data/BananaLSD/OriginalSet/healthy/16.jpeg,1,1,0.9428725838661194
/home/23ucc611/Mini/data/BananaLSD/OriginalSet/healthy/17.jpeg,1,1,0.967972993850708
/home/23ucc611/Mini/data/BananaLSD/OriginalSet/healthy/18.jpeg,1,1,0.9414845108985901
/home/23ucc611/Mini/data/BananaLSD/OriginalSet/healthy/19.jpeg,1,1,0.9723464846611023
/home/23ucc611/Mini/data/BananaLSD/OriginalSet/healthy/2.jpeg,1,1,0.963354766368866
/home/23ucc611/Mini/data/BananaLSD/OriginalSet/healthy/20.jpeg,1,1,0.9636257886886597
/home/23ucc611/Mini/data/BananaLSD/OriginalSet/healthy/21.jpeg,1,1,0.9667794704437256
/home/23ucc611/Mini/data/BananaLSD/OriginalSet/healthy/22.jpeg,1,1,0.9717262983322144
/home/23ucc611/Mini/data/BananaLSD/OriginalSet/healthy/23.jpeg,1,1,0.9526385068893433
/home/23ucc611/Mini/data/BananaLSD/OriginalSet/healthy/24.jpeg,1,1,0.9869149327278137
/home/23ucc611/Mini/data/BananaLSD/OriginalSet/healthy/25.jpeg,1,1,0.9860196113586426
/home/23ucc611/Mini/data/BananaLSD/OriginalSet/healthy/26.jpeg,1,1,0.927049458026886
/home/23ucc611/Mini/data/BananaLSD/OriginalSet/healthy/27.jpeg,1,1,0.9620149731636047
/home/23ucc611/Mini/data/BananaLSD/OriginalSet/healthy/28.jpeg,1,1,0.9662442803382874
/home/23ucc611/Mini/data/BananaLSD/OriginalSet/healthy/29.jpeg,1,1,0.9574130177497864
/home/23ucc611/Mini/data/BananaLSD/OriginalSet/healthy/3.jpeg,1,1,0.9697374105453491
/home/23ucc611/Mini/data/BananaLSD/OriginalSet/healthy/30.jpeg,1,1,0.9717845916748047
/home/23ucc611/Mini/data/BananaLSD/OriginalSet/healthy/31.jpeg,1,1,0.9694499969482422
/home/23ucc611/Mini/data/BananaLSD/OriginalSet/healthy/32.jpeg,1,1,0.9717616438865662
/home/23ucc611/Mini/data/BananaLSD/OriginalSet/healthy/33.jpeg,1,1,0.97276771068573
/home/23ucc611/Mini/data/BananaLSD/OriginalSet/healthy/34.jpeg,1,1,0.963354766368866
/home/23ucc611/Mini/data/BananaLSD/OriginalSet/healthy/35.jpeg,1,1,0.9721137881278992
/home/23ucc611/Mini/data/BananaLSD/OriginalSet/healthy/36.jpeg,1,1,0.97276771068573
/home/23ucc611/Mini/data/BananaLSD/OriginalSet/healthy/37.jpeg,1,1,0.9602084755897522
/home/23ucc611/Mini/data/BananaLSD/OriginalSet/healthy/38.jpeg,1,1,0.9717616438865662
/home/23ucc611/Mini/data/BananaLSD/OriginalSet/healthy/39.jpeg,1,1,0.9178342819213867
/home/23ucc611/Mini/data/BananaLSD/OriginalSet/healthy/4.jpeg,1,1,0.9475563168525696
/home/23ucc611/Mini/data/BananaLSD/OriginalSet/healthy/40.jpeg,1,1,0.9676642417907715
/home/23ucc611/Mini/data/BananaLSD/OriginalSet/healthy/41.jpeg,1,1,0.9458712935447693
/home/23ucc611/Mini/data/BananaLSD/OriginalSet/healthy/42.jpeg,1,1,0.9577266573905945
/home/23ucc611/Mini/data/BananaLSD/OriginalSet/healthy/43.jpeg,1,1,0.9091447591781616
/home/23ucc611/Mini/data/BananaLSD/OriginalSet/healthy/44.jpeg,1,1,0.9699804186820984
/home/23ucc611/Mini/data/BananaLSD/OriginalSet/healthy/45.jpeg,1,1,0.9602570533752441
/home/23ucc611/Mini/data/BananaLSD/OriginalSet/healthy/46.jpeg,1,1,0.9660593271255493
/home/23ucc611/Mini/data/BananaLSD/OriginalSet/healthy/47.jpeg,1,1,0.9822659492492676
/home/23ucc611/Mini/data/BananaLSD/OriginalSet/healthy/48.jpeg,1,1,0.9655706286430359
/home/23ucc611/Mini/data/BananaLSD/OriginalSet/healthy/49.jpeg,1,1,0.9362813234329224
/home/23ucc611/Mini/data/BananaLSD/OriginalSet/healthy/5.jpeg,1,1,0.9362813234329224
/home/23ucc611/Mini/data/BananaLSD/OriginalSet/healthy/50.jpeg,1,1,0.9598828554153442
/home/23ucc611/Mini/data/BananaLSD/OriginalSet/healthy/51.jpeg,1,1,0.9574130177497864
/home/23ucc611/Mini/data/BananaLSD/OriginalSet/healthy/52.jpeg,1,1,0.9768822193145752
/home/23ucc611/Mini/data/BananaLSD/OriginalSet/healthy/53.jpeg,1,1,0.9270411133766174
/home/23ucc611/Mini/data/BananaLSD/OriginalSet/healthy/54.jpeg,1,1,0.9526385068893433
/home/23ucc611/Mini/data/BananaLSD/OriginalSet/healthy/55.jpeg,1,1,0.9860196113586426
/home/23ucc611/Mini/data/BananaLSD/OriginalSet/healthy/56.jpeg,1,1,0.927049458026886
/home/23ucc611/Mini/data/BananaLSD/OriginalSet/healthy/57.jpeg,1,1,0.9620149731636047
/home/23ucc611/Mini/data/BananaLSD/OriginalSet/healthy/58.jpeg,1,1,0.9723464846611023
/home/23ucc611/Mini/data/BananaLSD/OriginalSet/healthy/59.jpeg,1,1,0.9636257886886597
/home/23ucc611/Mini/data/BananaLSD/OriginalSet/healthy/6.jpeg,1,1,0.9577266573905945
/home/23ucc611/Mini/data/BananaLSD/OriginalSet/healthy/60.jpeg,1,1,0.9241963624954224
/home/23ucc611/Mini/data/BananaLSD/OriginalSet/healthy/61.jpeg,1,1,0.9779564142227173
/home/23ucc611/Mini/data/BananaLSD/OriginalSet/healthy/62.jpeg,1,1,0.9814854860305786
/home/23ucc611/Mini/data/BananaLSD/OriginalSet/healthy/63.jpeg,1,1,0.967972993850708
/home/23ucc611/Mini/data/BananaLSD/OriginalSet/healthy/64.jpeg,1,1,0.9559276103973389
/home/23ucc611/Mini/data/BananaLSD/OriginalSet/healthy/65.jpeg,1,1,0.9804368615150452
/home/23ucc611/Mini/data/BananaLSD/OriginalSet/healthy/66.jpeg,1,1,0.9706850647926331
/home/23ucc611/Mini/data/BananaLSD/OriginalSet/healthy/67.jpeg,1,1,0.9355260729789734
/home/23ucc611/Mini/data/BananaLSD/OriginalSet/healthy/68.jpeg,1,1,0.9487652778625488
/home/23ucc611/Mini/data/BananaLSD/OriginalSet/healthy/69.jpeg,1,1,0.9698346257209778
/home/23ucc611/Mini/data/BananaLSD/OriginalSet/healthy/7.jpeg,1,1,0.9676642417907715
/home/23ucc611/Mini/data/BananaLSD/OriginalSet/healthy/70.jpeg,1,1,0.9558480978012085
/home/23ucc611/Mini/data/BananaLSD/OriginalSet/healthy/71.jpeg,1,1,0.9758392572402954
/home/23ucc611/Mini/data/BananaLSD/OriginalSet/healthy/72.jpeg,1,1,0.9901903867721558
/home/23ucc611/Mini/data/BananaLSD/OriginalSet/healthy/73.jpeg,1,1,0.9391272664070129
/home/23ucc611/Mini/data/BananaLSD/OriginalSet/healthy/74.jpeg,1,1,0.945509672164917
/home/23ucc611/Mini/data/BananaLSD/OriginalSet/healthy/75.jpeg,1,1,0.9614402055740356
/home/23ucc611/Mini/data/BananaLSD/OriginalSet/healthy/76.jpeg,1,1,0.9764571785926819
/home/23ucc611/Mini/data/BananaLSD/OriginalSet/healthy/77.jpeg,1,1,0.9586922526359558
/home/23ucc611/Mini/data/BananaLSD/OriginalSet/healthy/78.jpeg,1,1,0.9444311857223511
/home/23ucc611/Mini/data/BananaLSD/OriginalSet/healthy/79.jpeg,1,1,0.9741566181182861
/home/23ucc611/Mini/data/BananaLSD/OriginalSet/healthy/8.jpeg,1,1,0.9458712935447693
/home/23ucc611/Mini/data/BananaLSD/OriginalSet/healthy/80.jpeg,1,1,0.9609348773956299
/home/23ucc611/Mini/data/BananaLSD/OriginalSet/healthy/81.jpeg,1,1,0.950283944606781
/home/23ucc611/Mini/data/BananaLSD/OriginalSet/healthy/82.jpeg,1,1,0.9433912634849548
/home/23ucc611/Mini/data/BananaLSD/OriginalSet/healthy/83.jpeg,1,1,0.9693552255630493
/home/23ucc611/Mini/data/BananaLSD/OriginalSet/healthy/84.jpeg,1,1,0.9657990336418152
/home/23ucc611/Mini/data/BananaLSD/OriginalSet/healthy/85.jpeg,1,1,0.9610410332679749
/home/23ucc611/Mini/data/BananaLSD/OriginalSet/healthy/86.jpeg,1,1,0.9388704895973206
/home/23ucc611/Mini/data/BananaLSD/OriginalSet/healthy/87.jpeg,1,1,0.9453688859939575
/home/23ucc611/Mini/data/BananaLSD/OriginalSet/healthy/88.jpeg,1,1,0.9509414434432983
/home/23ucc611/Mini/data/BananaLSD/OriginalSet/healthy/89.jpeg,1,1,0.9655706286430359
/home/23ucc611/Mini/data/BananaLSD/OriginalSet/healthy/9.jpeg,1,1,0.9822659492492676
/home/23ucc611/Mini/data/BananaLSD/OriginalSet/healthy/90.jpeg,1,1,0.9361297488212585
/home/23ucc611/Mini/data/BananaLSD/OriginalSet/healthy/91.jpeg,1,1,0.9675119519233704
/home/23ucc611/Mini/data/BananaLSD/OriginalSet/healthy/92.jpeg,1,1,0.9697374105453491
/home/23ucc611/Mini/data/BananaLSD/OriginalSet/healthy/93.jpeg,1,1,0.9355954527854919
/home/23ucc611/Mini/data/BananaLSD/OriginalSet/healthy/94.jpeg,1,1,0.9476749300956726
/home/23ucc611/Mini/data/BananaLSD/OriginalSet/healthy/95.jpeg,1,1,0.9770625829696655
/home/23ucc611/Mini/data/BananaLSD/OriginalSet/healthy/96.jpeg,1,1,0.9663551449775696
/home/23ucc611/Mini/data/BananaLSD/OriginalSet/healthy/97.jpeg,1,1,0.9432965517044067
/home/23ucc611/Mini/data/BananaLSD/OriginalSet/healthy/98.jpeg,1,1,0.9606526494026184
/home/23ucc611/Mini/data/BananaLSD/OriginalSet/healthy/99.jpeg,1,1,0.9710558652877808
/home/23ucc611/Mini/data/BananaLSD/OriginalSet/pestalotiopsis/0.jpeg,2,2,0.8800151348114014
/home/23ucc611/Mini/data/BananaLSD/OriginalSet/pestalotiopsis/1.jpeg,2,2,0.9222464561462402
/home/23ucc611/Mini/data/BananaLSD/OriginalSet/pestalotiopsis/10.jpeg,2,2,0.9544900059700012
/home/23ucc611/Mini/data/BananaLSD/OriginalSet/pestalotiopsis/100.jpeg,2,2,0.9047906994819641
/home/23ucc611/Mini/data/BananaLSD/OriginalSet/pestalotiopsis/101.jpeg,2,2,0.8926053047180176
/home/23ucc611/Mini/data/BananaLSD/OriginalSet/pestalotiopsis/102.jpeg,2,2,0.8936467170715332
/home/23ucc611/Mini/data/BananaLSD/OriginalSet/pestalotiopsis/103.jpeg,2,2,0.8187938928604126
/home/23ucc611/Mini/data/BananaLSD/OriginalSet/pestalotiopsis/104.jpeg,2,2,0.9148939847946167
/home/23ucc611/Mini/data/BananaLSD/OriginalSet/pestalotiopsis/105.jpeg,2,2,0.9514779448509216
/home/23ucc611/Mini/data/BananaLSD/OriginalSet/pestalotiopsis/106.jpeg,2,2,0.9259787201881409
/home/23ucc611/Mini/data/BananaLSD/OriginalSet/pestalotiopsis/107.jpeg,2,2,0.7912221550941467
/home/23ucc611/Mini/data/BananaLSD/OriginalSet/pestalotiopsis/108.jpeg,2,2,0.9091872572898865
/home/23ucc611/Mini/data/BananaLSD/OriginalSet/pestalotiopsis/109.jpeg,2,2,0.8538438677787781
/home/23ucc611/Mini/data/BananaLSD/OriginalSet/pestalotiopsis/11.jpeg,2,2,0.8991407155990601
/home/23ucc611/Mini/data/BananaLSD/OriginalSet/pestalotiopsis/110.jpeg,2,2,0.6981337666511536
/home/23ucc611/Mini/data/BananaLSD/OriginalSet/pestalotiopsis/111.jpeg,2,2,0.9480688571929932
/home/23ucc611/Mini/data/BananaLSD/OriginalSet/pestalotiopsis/112.jpeg,2,2,0.8950088024139404
/home/23ucc611/Mini/data/BananaLSD/OriginalSet/pestalotiopsis/113.jpeg,2,2,0.8722980618476868
/home/23ucc611/Mini/data/BananaLSD/OriginalSet/pestalotiopsis/114.jpeg,2,1,0.47014319896698
/home/23ucc611/Mini/data/BananaLSD/OriginalSet/pestalotiopsis/115.jpeg,2,2,0.8886503577232361
/home/23ucc611/Mini/data/BananaLSD/OriginalSet/pestalotiopsis/116.jpeg,2,1,0.43647727370262146
/home/23ucc611/Mini/data/BananaLSD/OriginalSet/pestalotiopsis/117.jpeg,2,2,0.9350573420524597
/home/23ucc611/Mini/data/BananaLSD/OriginalSet/pestalotiopsis/118.jpeg,2,2,0.8823039531707764
/home/23ucc611/Mini/data/BananaLSD/OriginalSet/pestalotiopsis/119.jpeg,2,2,0.8979284167289734
/home/23ucc611/Mini/data/BananaLSD/OriginalSet/pestalotiopsis/12.jpeg,2,2,0.9276304841041565
/home/23ucc611/Mini/data/BananaLSD/OriginalSet/pestalotiopsis/120.jpeg,2,2,0.9052436947822571
/home/23ucc611/Mini/data/BananaLSD/OriginalSet/pestalotiopsis/121.jpeg,2,2,0.9055365324020386
/home/23ucc611/Mini/data/BananaLSD/OriginalSet/pestalotiopsis/122.jpeg,2,2,0.9454979300498962
/home/23ucc611/Mini/data/BananaLSD/OriginalSet/pestalotiopsis/123.jpeg,2,2,0.9174996018409729
/home/23ucc611/Mini/data/BananaLSD/OriginalSet/pestalotiopsis/124.jpeg,2,2,0.7103124260902405
/home/23ucc611/Mini/data/BananaLSD/OriginalSet/pestalotiopsis/125.jpeg,2,2,0.7936094999313354
/home/23ucc611/Mini/data/BananaLSD/OriginalSet/pestalotiopsis/126.jpeg,2,2,0.9736047983169556
/home/23ucc611/Mini/data/BananaLSD/OriginalSet/pestalotiopsis/127.jpeg,2,2,0.8907936215400696
/home/23ucc611/Mini/data/BananaLSD/OriginalSet/pestalotiopsis/128.jpeg,2,2,0.8556348085403442
/home/23ucc611/Mini/data/BananaLSD/OriginalSet/pestalotiopsis/129.jpeg,2,2,0.8839185237884521
/home/23ucc611/Mini/data/BananaLSD/OriginalSet/pestalotiopsis/13.jpeg,2,2,0.9191974401473999
/home/23ucc611/Mini/data/BananaLSD/OriginalSet/pestalotiopsis/130.jpeg,2,2,0.8939024806022644
/home/23ucc611/Mini/data/BananaLSD/OriginalSet/pestalotiopsis/131.jpeg,2,2,0.5748912692070007
/home/23ucc611/Mini/data/BananaLSD/OriginalSet/pestalotiopsis/132.jpeg,2,2,0.9328183531761169
/home/23ucc611/Mini/data/BananaLSD/OriginalSet/pestalotiopsis/133.jpeg,2,2,0.8887261748313904
/home/23ucc611/Mini/data/BananaLSD/OriginalSet/pestalotiopsis/134.jpeg,2,2,0.8776812553405762
/home/23ucc611/Mini/data/BananaLSD/OriginalSet/pestalotiopsis/135.jpeg,2,2,0.9057501554489136
/home/23ucc611/Mini/data/BananaLSD/OriginalSet/pestalotiopsis/136.jpeg,2,2,0.9018021821975708
/home/23ucc611/Mini/data/BananaLSD/OriginalSet/pestalotiopsis/137.jpeg,2,2,0.9478792548179626
/home/23ucc611/Mini/data/BananaLSD/OriginalSet/pestalotiopsis/138.jpeg,2,2,0.7232909202575684
/home/23ucc611/Mini/data/BananaLSD/OriginalSet/pestalotiopsis/139.jpeg,2,2,0.907850444316864
/home/23ucc611/Mini/data/BananaLSD/OriginalSet/pestalotiopsis/14.jpeg,2,2,0.8915439248085022
/home/23ucc611/Mini/data/BananaLSD/OriginalSet/pestalotiopsis/140.jpeg,2,2,0.8423716425895691
/home/23ucc611/Mini/data/BananaLSD/OriginalSet/pestalotiopsis/141.jpeg,2,2,0.9083815813064575
/home/23ucc611/Mini/data/BananaLSD/OriginalSet/pestalotiopsis/142.jpeg,2,2,0.8887706995010376
/home/23ucc611/Mini/data/BananaLSD/OriginalSet/pestalotiopsis/143.jpeg,2,2,0.8315021991729736
/home/23ucc611/Mini/data/BananaLSD/OriginalSet/pestalotiopsis/144.jpeg,2,2,0.9231573343276978
/home/23ucc611/Mini/data/BananaLSD/OriginalSet/pestalotiopsis/145.jpeg,2,2,0.8888333439826965
/home/23ucc611/Mini/data/BananaLSD/OriginalSet/pestalotiopsis/146.jpeg,2,2,0.9199633002281189
/home/23ucc611/Mini/data/BananaLSD/OriginalSet/pestalotiopsis/147.jpeg,2,2,0.9173833131790161
/home/23ucc611/Mini/data/BananaLSD/OriginalSet/pestalotiopsis/148.jpeg,2,2,0.8937071561813354
/home/23ucc611/Mini/data/BananaLSD/OriginalSet/pestalotiopsis/149.jpeg,2,2,0.8866887092590332
/home/23ucc611/Mini/data/BananaLSD/OriginalSet/pestalotiopsis/15.jpeg,2,2,0.5950009822845459
/home/23ucc611/Mini/data/BananaLSD/OriginalSet/pestalotiopsis/150.jpeg,2,2,0.8282077312469482
/home/23ucc611/Mini/data/BananaLSD/OriginalSet/pestalotiopsis/151.jpeg,2,2,0.8736680150032043
/home/23ucc611/Mini/data/BananaLSD/OriginalSet/pestalotiopsis/152.jpeg,2,2,0.9425264596939087
/home/23ucc611/Mini/data/BananaLSD/OriginalSet/pestalotiopsis/153.jpeg,2,2,0.9027138948440552
/home/23ucc611/Mini/data/BananaLSD/OriginalSet/pestalotiopsis/154.jpeg,2,2,0.8483389616012573
/home/23ucc611/Mini/data/BananaLSD/OriginalSet/pestalotiopsis/155.jpeg,2,2,0.9545861482620239
/home/23ucc611/Mini/data/BananaLSD/OriginalSet/pestalotiopsis/156.jpeg,2,2,0.8644207715988159
/home/23ucc611/Mini/data/BananaLSD/OriginalSet/pestalotiopsis/157.jpeg,2,2,0.9344881772994995
/home/23ucc611/Mini/data/BananaLSD/OriginalSet/pestalotiopsis/158.jpeg,2,2,0.717642605304718
/home/23ucc611/Mini/data/BananaLSD/OriginalSet/pestalotiopsis/159.jpeg,2,2,0.8887845277786255
/home/23ucc611/Mini/data/BananaLSD/OriginalSet/pestalotiopsis/16.jpeg,2,2,0.9054993987083435
/home/23ucc611/Mini/data/BananaLSD/OriginalSet/pestalotiopsis/160.jpeg,2,2,0.9329560399055481
/home/23ucc611/Mini/data/BananaLSD/OriginalSet/pestalotiopsis/161.jpeg,2,2,0.8938237428665161
/home/23ucc611/Mini/data/BananaLSD/OriginalSet/pestalotiopsis/162.jpeg,2,2,0.9462564587593079
/home/23ucc611/Mini/data/BananaLSD/OriginalSet/pestalotiopsis/163.jpeg,2,2,0.9082974195480347
/home/23ucc611/Mini/data/BananaLSD/OriginalSet/pestalotiopsis/164.jpeg,2,2,0.9016523361206055
/home/23ucc611/Mini/data/BananaLSD/OriginalSet/pestalotiopsis/165.jpeg,2,2,0.8789456486701965
/home/23ucc611/Mini/data/BananaLSD/OriginalSet/pestalotiopsis/166.jpeg,2,2,0.9165407419204712
/home/23ucc611/Mini/data/BananaLSD/OriginalSet/pestalotiopsis/167.jpeg,2,2,0.9542242288589478
/home/23ucc611/Mini/data/BananaLSD/OriginalSet/pestalotiopsis/168.jpeg,2,2,0.9137290120124817
/home/23ucc611/Mini/data/BananaLSD/OriginalSet/pestalotiopsis/169.jpeg,2,2,0.9229549169540405
/home/23ucc611/Mini/data/BananaLSD/OriginalSet/pestalotiopsis/17.jpeg,2,2,0.8735500574111938
/home/23ucc611/Mini/data/BananaLSD/OriginalSet/pestalotiopsis/170.jpeg,2,2,0.890271008014679
/home/23ucc611/Mini/data/BananaLSD/OriginalSet/pestalotiopsis/171.jpeg,2,2,0.9278037548065186
/home/23ucc611/Mini/data/BananaLSD/OriginalSet/pestalotiopsis/172.jpeg,2,2,0.8445132374763489
/home/23ucc611/Mini/data/BananaLSD/OriginalSet/pestalotiopsis/18.jpeg,2,2,0.8901971578598022
/home/23ucc611/Mini/data/BananaLSD/OriginalSet/pestalotiopsis/19.jpeg,2,2,0.9281826019287109
/home/23ucc611/Mini/data/BananaLSD/OriginalSet/pestalotiopsis/2.jpeg,2,2,0.9077455997467041
/home/23ucc611/Mini/data/BananaLSD/OriginalSet/pestalotiopsis/20.jpeg,2,2,0.9447798728942871
/home/23ucc611/Mini/data/BananaLSD/OriginalSet/pestalotiopsis/21.jpeg,2,2,0.9041880965232849
/home/23ucc611/Mini/data/BananaLSD/OriginalSet/pestalotiopsis/22.jpeg,2,2,0.9286658763885498
/home/23ucc611/Mini/data/BananaLSD/OriginalSet/pestalotiopsis/23.jpeg,2,2,0.9020093083381653
/home/23ucc611/Mini/data/BananaLSD/OriginalSet/pestalotiopsis/24.jpeg,2,2,0.8987172842025757
/home/23ucc611/Mini/data/BananaLSD/OriginalSet/pestalotiopsis/25.jpeg,2,2,0.8718913793563843
/home/23ucc611/Mini/data/BananaLSD/OriginalSet/pestalotiopsis/26.jpeg,2,2,0.8531387448310852
/home/23ucc611/Mini/data/BananaLSD/OriginalSet/pestalotiopsis/27.jpeg,2,2,0.825103759765625
/home/23ucc611/Mini/data/BananaLSD/OriginalSet/pestalotiopsis/28.jpeg,2,2,0.8933556079864502
/home/23ucc611/Mini/data/BananaLSD/OriginalSet/pestalotiopsis/29.jpeg,2,2,0.8823419809341431
/home/23ucc611/Mini/data/BananaLSD/OriginalSet/pestalotiopsis/3.jpeg,2,2,0.9404670000076294
/home/23ucc611/Mini/data/BananaLSD/OriginalSet/pestalotiopsis/30.jpeg,2,2,0.7092933654785156
/home/23ucc611/Mini/data/BananaLSD/OriginalSet/pestalotiopsis/31.jpeg,2,2,0.732090950012207
/home/23ucc611/Mini/data/BananaLSD/OriginalSet/pestalotiopsis/32.jpeg,2,2,0.8705027103424072
/home/23ucc611/Mini/data/BananaLSD/OriginalSet/pestalotiopsis/33.jpeg,2,2,0.8917332887649536
/home/23ucc611/Mini/data/BananaLSD/OriginalSet/pestalotiopsis/34.jpeg,2,2,0.7923248410224915
/home/23ucc611/Mini/data/BananaLSD/OriginalSet/pestalotiopsis/35.jpeg,2,2,0.872943639755249
/home/23ucc611/Mini/data/BananaLSD/OriginalSet/pestalotiopsis/36.jpeg,2,2,0.8785801529884338
/home/23ucc611/Mini/data/BananaLSD/OriginalSet/pestalotiopsis/37.jpeg,2,2,0.8434582352638245
/home/23ucc611/Mini/data/BananaLSD/OriginalSet/pestalotiopsis/38.jpeg,2,2,0.9413254857063293
/home/23ucc611/Mini/data/BananaLSD/OriginalSet/pestalotiopsis/39.jpeg,2,2,0.9055357575416565
/home/23ucc611/Mini/data/BananaLSD/OriginalSet/pestalotiopsis/4.jpeg,2,2,0.9475862979888916
/home/23ucc611/Mini/data/BananaLSD/OriginalSet/pestalotiopsis/40.jpeg,2,2,0.9121728539466858
/home/23ucc611/Mini/data/BananaLSD/OriginalSet/pestalotiopsis/41.jpeg,2,2,0.915416419506073
/home/23ucc611/Mini/data/BananaLSD/OriginalSet/pestalotiopsis/42.jpeg,2,2,0.8927679061889648
/home/23ucc611/Mini/data/BananaLSD/OriginalSet/pestalotiopsis/43.jpeg,2,2,0.9218414425849915
/home/23ucc611/Mini/data/BananaLSD/OriginalSet/pestalotiopsis/44.jpeg,2,2,0.920860767364502
/home/23ucc611/Mini/data/BananaLSD/OriginalSet/pestalotiopsis/45.jpeg,2,2,0.8996611833572388
/home/23ucc611/Mini/data/BananaLSD/OriginalSet/pestalotiopsis/46.jpeg,2,2,0.9125787019729614
/home/23ucc611/Mini/data/BananaLSD/OriginalSet/pestalotiopsis/47.jpeg,2,2,0.9198850989341736
/home/23ucc611/Mini/data/BananaLSD/OriginalSet/pestalotiopsis/48.jpeg,2,2,0.9108940362930298
/home/23ucc611/Mini/data/BananaLSD/OriginalSet/pestalotiopsis/49.jpeg,2,2,0.9067938923835754
/home/23ucc611/Mini/data/BananaLSD/OriginalSet/pestalotiopsis/5.jpeg,2,2,0.9127346277236938
/home/23ucc611/Mini/data/BananaLSD/OriginalSet/pestalotiopsis/50.jpeg,2,2,0.9131249785423279
/home/23ucc611/Mini/data/BananaLSD/OriginalSet/pestalotiopsis/51.jpeg,2,2,0.905857264995575
/home/23ucc611/Mini/data/BananaLSD/OriginalSet/pestalotiopsis/52.jpeg,2,2,0.9254565238952637
/home/23ucc611/Mini/data/BananaLSD/OriginalSet/pestalotiopsis/53.jpeg,2,2,0.7384475469589233
/home/23ucc611/Mini/data/BananaLSD/OriginalSet/pestalotiopsis/54.jpeg,2,2,0.9156806468963623
/home/23ucc611/Mini/data/BananaLSD/OriginalSet/pestalotiopsis/55.jpeg,2,2,0.8992407917976379
/home/23ucc611/Mini/data/BananaLSD/OriginalSet/pestalotiopsis/56.jpeg,2,2,0.8855621814727783
/home/23ucc611/Mini/data/BananaLSD/OriginalSet/pestalotiopsis/57.jpeg,2,2,0.8917092084884644
/home/23ucc611/Mini/data/BananaLSD/OriginalSet/pestalotiopsis/58.jpeg,2,2,0.9012527465820312
/home/23ucc611/Mini/data/BananaLSD/OriginalSet/pestalotiopsis/59.jpeg,2,2,0.8535605669021606
/home/23ucc611/Mini/data/BananaLSD/OriginalSet/pestalotiopsis/6.jpeg,2,2,0.9189889430999756
/home/23ucc611/Mini/data/BananaLSD/OriginalSet/pestalotiopsis/60.jpeg,2,2,0.9424232244491577
/home/23ucc611/Mini/data/BananaLSD/OriginalSet/pestalotiopsis/61.jpeg,2,2,0.9197579026222229
/home/23ucc611/Mini/data/BananaLSD/OriginalSet/pestalotiopsis/62.jpeg,2,2,0.8886773586273193
/home/23ucc611/Mini/data/BananaLSD/OriginalSet/pestalotiopsis/63.jpeg,2,2,0.9224415421485901
/home/23ucc611/Mini/data/BananaLSD/OriginalSet/pestalotiopsis/64.jpeg,2,2,0.892915666103363
/home/23ucc611/Mini/data/BananaLSD/OriginalSet/pestalotiopsis/65.jpeg,2,2,0.9428921937942505
/home/23ucc611/Mini/data/BananaLSD/OriginalSet/pestalotiopsis/66.jpeg,2,2,0.9416874051094055
/home/23ucc611/Mini/data/BananaLSD/OriginalSet/pestalotiopsis/67.jpeg,2,2,0.9278807640075684
/home/23ucc611/Mini/data/BananaLSD/OriginalSet/pestalotiopsis/68.jpeg,2,2,0.9564923048019409
/home/23ucc611/Mini/data/BananaLSD/OriginalSet/pestalotiopsis/69.jpeg,2,2,0.914456844329834
/home/23ucc611/Mini/data/BananaLSD/OriginalSet/pestalotiopsis/7.jpeg,2,2,0.8818647861480713
/home/23ucc611/Mini/data/BananaLSD/OriginalSet/pestalotiopsis/70.jpeg,2,2,0.8957609534263611
/home/23ucc611/Mini/data/BananaLSD/OriginalSet/pestalotiopsis/71.jpeg,2,2,0.927935779094696
/home/23ucc611/Mini/data/BananaLSD/OriginalSet/pestalotiopsis/72.jpeg,2,2,0.9536361694335938
/home/23ucc611/Mini/data/BananaLSD/OriginalSet/pestalotiopsis/73.jpeg,2,2,0.9056162238121033
/home/23ucc611/Mini/data/BananaLSD/OriginalSet/pestalotiopsis/74.jpeg,2,2,0.9420948028564453
/home/23ucc611/Mini/data/BananaLSD/OriginalSet/pestalotiopsis/75.jpeg,2,2,0.9760196805000305
/home/23ucc611/Mini/data/BananaLSD/OriginalSet/pestalotiopsis/76.jpeg,2,2,0.9666043519973755
/home/23ucc611/Mini/data/BananaLSD/OriginalSet/pestalotiopsis/77.jpeg,2,2,0.9257745742797852
/home/23ucc611/Mini/data/BananaLSD/OriginalSet/pestalotiopsis/78.jpeg,2,1,0.6252613663673401
/home/23ucc611/Mini/data/BananaLSD/OriginalSet/pestalotiopsis/79.jpeg,2,2,0.7841871380805969
/home/23ucc611/Mini/data/BananaLSD/OriginalSet/pestalotiopsis/8.jpeg,2,2,0.8610724806785583
/home/23ucc611/Mini/data/BananaLSD/OriginalSet/pestalotiopsis/80.jpeg,2,2,0.8711060881614685
/home/23ucc611/Mini/data/BananaLSD/OriginalSet/pestalotiopsis/81.jpeg,2,2,0.8711310625076294
/home/23ucc611/Mini/data/BananaLSD/OriginalSet/pestalotiopsis/82.jpeg,2,2,0.8625718951225281
/home/23ucc611/Mini/data/BananaLSD/OriginalSet/pestalotiopsis/83.jpeg,2,2,0.8739026188850403
/home/23ucc611/Mini/data/BananaLSD/OriginalSet/pestalotiopsis/84.jpeg,2,2,0.8846327662467957
/home/23ucc611/Mini/data/BananaLSD/OriginalSet/pestalotiopsis/85.jpeg,2,2,0.9102500677108765
/home/23ucc611/Mini/data/BananaLSD/OriginalSet/pestalotiopsis/86.jpeg,2,2,0.9298728704452515
/home/23ucc611/Mini/data/BananaLSD/OriginalSet/pestalotiopsis/87.jpeg,2,2,0.882889986038208
/home/23ucc611/Mini/data/BananaLSD/OriginalSet/pestalotiopsis/88.jpeg,2,2,0.8927237391471863
/home/23ucc611/Mini/data/BananaLSD/OriginalSet/pestalotiopsis/89.jpeg,2,2,0.9083444476127625
/home/23ucc611/Mini/data/BananaLSD/OriginalSet/pestalotiopsis/9.jpeg,2,2,0.9335371255874634
/home/23ucc611/Mini/data/BananaLSD/OriginalSet/pestalotiopsis/90.jpeg,2,2,0.9020364284515381
/home/23ucc611/Mini/data/BananaLSD/OriginalSet/pestalotiopsis/91.jpeg,2,2,0.8760427832603455
/home/23ucc611/Mini/data/BananaLSD/OriginalSet/pestalotiopsis/92.jpeg,2,2,0.9080812931060791
/home/23ucc611/Mini/data/BananaLSD/OriginalSet/pestalotiopsis/93.jpeg,2,2,0.910673201084137
/home/23ucc611/Mini/data/BananaLSD/OriginalSet/pestalotiopsis/94.jpeg,2,2,0.9230068922042847
/home/23ucc611/Mini/data/BananaLSD/OriginalSet/pestalotiopsis/95.jpeg,2,2,0.9348046779632568
/home/23ucc611/Mini/data/BananaLSD/OriginalSet/pestalotiopsis/96.jpeg,2,2,0.9522683620452881
/home/23ucc611/Mini/data/BananaLSD/OriginalSet/pestalotiopsis/97.jpeg,2,2,0.8666520118713379
/home/23ucc611/Mini/data/BananaLSD/OriginalSet/pestalotiopsis/98.jpeg,2,2,0.515964686870575
/home/23ucc611/Mini/data/BananaLSD/OriginalSet/pestalotiopsis/99.jpeg,2,2,0.9475997686386108
/home/23ucc611/Mini/data/BananaLSD/OriginalSet/sigatoka/0.jpeg,3,3,0.9190307259559631
/home/23ucc611/Mini/data/BananaLSD/OriginalSet/sigatoka/1.jpeg,3,3,0.992203950881958
/home/23ucc611/Mini/data/BananaLSD/OriginalSet/sigatoka/10.jpeg,3,3,0.9795069098472595
/home/23ucc611/Mini/data/BananaLSD/OriginalSet/sigatoka/100.jpeg,3,3,0.9955323934555054
/home/23ucc611/Mini/data/BananaLSD/OriginalSet/sigatoka/101.jpeg,3,3,0.9956527948379517
/home/23ucc611/Mini/data/BananaLSD/OriginalSet/sigatoka/102.jpeg,3,3,0.9747200012207031
/home/23ucc611/Mini/data/BananaLSD/OriginalSet/sigatoka/103.jpeg,3,3,0.9972840547561646
/home/23ucc611/Mini/data/BananaLSD/OriginalSet/sigatoka/104.jpeg,3,3,0.9828498959541321
/home/23ucc611/Mini/data/BananaLSD/OriginalSet/sigatoka/105.jpeg,3,3,0.9910435676574707
/home/23ucc611/Mini/data/BananaLSD/OriginalSet/sigatoka/106.jpeg,3,3,0.9823033213615417
/home/23ucc611/Mini/data/BananaLSD/OriginalSet/sigatoka/107.jpeg,3,3,0.9853089451789856
/home/23ucc611/Mini/data/BananaLSD/OriginalSet/sigatoka/108.jpeg,3,3,0.9786596894264221
/home/23ucc611/Mini/data/BananaLSD/OriginalSet/sigatoka/109.jpeg,3,3,0.9559239149093628
/home/23ucc611/Mini/data/BananaLSD/OriginalSet/sigatoka/11.jpeg,3,3,0.8827142119407654
/home/23ucc611/Mini/data/BananaLSD/OriginalSet/sigatoka/110.jpeg,3,3,0.9767779111862183
/home/23ucc611/Mini/data/BananaLSD/OriginalSet/sigatoka/111.jpeg,3,3,0.9929021000862122
/home/23ucc611/Mini/data/BananaLSD/OriginalSet/sigatoka/112.jpeg,3,3,0.9484527111053467
/home/23ucc611/Mini/data/BananaLSD/OriginalSet/sigatoka/113.jpeg,3,3,0.9808382391929626
/home/23ucc611/Mini/data/BananaLSD/OriginalSet/sigatoka/114.jpeg,3,3,0.9813289642333984
/home/23ucc611/Mini/data/BananaLSD/OriginalSet/sigatoka/115.jpeg,3,3,0.9956972599029541
/home/23ucc611/Mini/data/BananaLSD/OriginalSet/sigatoka/116.jpeg,3,3,0.9995579123497009
/home/23ucc611/Mini/data/BananaLSD/OriginalSet/sigatoka/117.jpeg,3,3,0.9413818120956421
/home/23ucc611/Mini/data/BananaLSD/OriginalSet/sigatoka/118.jpeg,3,3,0.9818437695503235
/home/23ucc611/Mini/data/BananaLSD/OriginalSet/sigatoka/119.jpeg,3,3,0.9506742358207703
/home/23ucc611/Mini/data/BananaLSD/OriginalSet/sigatoka/12.jpeg,3,3,0.9832550287246704
/home/23ucc611/Mini/data/BananaLSD/OriginalSet/sigatoka/120.jpeg,3,3,0.9678748250007629
/home/23ucc611/Mini/data/BananaLSD/OriginalSet/sigatoka/121.jpeg,3,3,0.9449772834777832
/home/23ucc611/Mini/data/BananaLSD/OriginalSet/sigatoka/122.jpeg,3,3,0.9877926707267761
/home/23ucc611/Mini/data/BananaLSD/OriginalSet/sigatoka/123.jpeg,3,3,0.9811835289001465
/home/23ucc611/Mini/data/BananaLSD/OriginalSet/sigatoka/124.jpeg,3,3,0.9855369925498962
/home/23ucc611/Mini/data/BananaLSD/OriginalSet/sigatoka/125.jpeg,3,3,0.9871349930763245
/home/23ucc611/Mini/data/BananaLSD/OriginalSet/sigatoka/126.jpeg,3,3,0.9997400641441345
/home/23ucc611/Mini/data/BananaLSD/OriginalSet/sigatoka/127.jpeg,3,3,0.967951238155365
/home/23ucc611/Mini/data/BananaLSD/OriginalSet/sigatoka/128.jpeg,3,3,0.9583220481872559
/home/23ucc611/Mini/data/BananaLSD/OriginalSet/sigatoka/129.jpeg,3,3,0.9736248850822449
/home/23ucc611/Mini/data/BananaLSD/OriginalSet/sigatoka/13.jpeg,3,3,0.9863471388816833
/home/23ucc611/Mini/data/BananaLSD/OriginalSet/sigatoka/130.jpeg,3,3,0.9628978371620178
/home/23ucc611/Mini/data/BananaLSD/OriginalSet/sigatoka/131.jpeg,3,3,0.9721032977104187
/home/23ucc611/Mini/data/BananaLSD/OriginalSet/sigatoka/132.jpeg,3,3,0.9735817313194275
/home/23ucc611/Mini/data/BananaLSD/OriginalSet/sigatoka/133.jpeg,3,3,0.9727101922035217
/home/23ucc611/Mini/data/BananaLSD/OriginalSet/sigatoka/134.jpeg,3,3,0.998058021068573
/home/23ucc611/Mini/data/BananaLSD/OriginalSet/sigatoka/135.jpeg,3,3,0.9493354558944702
/home/23ucc611/Mini/data/BananaLSD/OriginalSet/sigatoka/136.jpeg,3,3,0.94732666015625
/home/23ucc611/Mini/data/BananaLSD/OriginalSet/sigatoka/137.jpeg,3,3,0.8960847854614258
/home/23ucc611/Mini/data/BananaLSD/OriginalSet/sigatoka/138.jpeg,3,3,0.9825149178504944
/home/23ucc611/Mini/data/BananaLSD/OriginalSet/sigatoka/139.jpeg,3,3,0.9859636425971985
/home/23ucc611/Mini/data/BananaLSD/OriginalSet/sigatoka/14.jpeg,3,3,0.9809061288833618
/home/23ucc611/Mini/data/BananaLSD/OriginalSet/sigatoka/140.jpeg,3,3,0.9908196330070496
/home/23ucc611/Mini/data/BananaLSD/OriginalSet/sigatoka/141.jpeg,3,3,0.9626295566558838
/home/23ucc611/Mini/data/BananaLSD/OriginalSet/sigatoka/142.jpeg,3,3,0.9995997548103333
/home/23ucc611/Mini/data/BananaLSD/OriginalSet/sigatoka/143.jpeg,3,3,0.9912070631980896
/home/23ucc611/Mini/data/BananaLSD/OriginalSet/sigatoka/144.jpeg,3,3,0.9900379180908203
/home/23ucc611/Mini/data/BananaLSD/OriginalSet/sigatoka/145.jpeg,3,3,0.9998985528945923
/home/23ucc611/Mini/data/BananaLSD/OriginalSet/sigatoka/146.jpeg,3,3,0.9970688223838806
/home/23ucc611/Mini/data/BananaLSD/OriginalSet/sigatoka/147.jpeg,3,3,0.9848561882972717
/home/23ucc611/Mini/data/BananaLSD/OriginalSet/sigatoka/148.jpeg,3,3,0.9995405673980713
/home/23ucc611/Mini/data/BananaLSD/OriginalSet/sigatoka/149.jpeg,3,3,0.9945612549781799
/home/23ucc611/Mini/data/BananaLSD/OriginalSet/sigatoka/15.jpeg,3,3,0.9368104338645935
/home/23ucc611/Mini/data/BananaLSD/OriginalSet/sigatoka/150.jpeg,3,3,0.9976443648338318
/home/23ucc611/Mini/data/BananaLSD/OriginalSet/sigatoka/151.jpeg,3,3,0.9991579055786133
/home/23ucc611/Mini/data/BananaLSD/OriginalSet/sigatoka/152.jpeg,3,3,0.9547930359840393
/home/23ucc611/Mini/data/BananaLSD/OriginalSet/sigatoka/153.jpeg,3,3,0.9835890531539917
/home/23ucc611/Mini/data/BananaLSD/OriginalSet/sigatoka/154.jpeg,3,3,0.9652937054634094
/home/23ucc611/Mini/data/BananaLSD/OriginalSet/sigatoka/155.jpeg,3,3,0.9639653563499451
/home/23ucc611/Mini/data/BananaLSD/OriginalSet/sigatoka/156.jpeg,3,3,0.9660367369651794
/home/23ucc611/Mini/data/BananaLSD/OriginalSet/sigatoka/157.jpeg,3,3,0.9697412252426147
/home/23ucc611/Mini/data/BananaLSD/OriginalSet/sigatoka/158.jpeg,3,3,0.9495365023612976
/home/23ucc611/Mini/data/BananaLSD/OriginalSet/sigatoka/159.jpeg,3,3,0.8288401961326599
/home/23ucc611/Mini/data/BananaLSD/OriginalSet/sigatoka/16.jpeg,3,3,0.9349183440208435
/home/23ucc611/Mini/data/BananaLSD/OriginalSet/sigatoka/160.jpeg,3,3,0.9433927536010742
/home/23ucc611/Mini/data/BananaLSD/OriginalSet/sigatoka/161.jpeg,3,3,0.9880577325820923
/home/23ucc611/Mini/data/BananaLSD/OriginalSet/sigatoka/162.jpeg,3,3,0.9877498745918274
/home/23ucc611/Mini/data/BananaLSD/OriginalSet/sigatoka/163.jpeg,3,3,0.9934560656547546
/home/23ucc611/Mini/data/BananaLSD/OriginalSet/sigatoka/164.jpeg,3,3,0.9986730813980103
/home/23ucc611/Mini/data/BananaLSD/OriginalSet/sigatoka/165.jpeg,3,3,0.9988009929656982
/home/23ucc611/Mini/data/BananaLSD/OriginalSet/sigatoka/166.jpeg,3,3,0.9992260932922363
/home/23ucc611/Mini/data/BananaLSD/OriginalSet/sigatoka/167.jpeg,3,3,0.9955583810806274
/home/23ucc611/Mini/data/BananaLSD/OriginalSet/sigatoka/168.jpeg,3,3,0.8266429901123047
/home/23ucc611/Mini/data/BananaLSD/OriginalSet/sigatoka/169.jpeg,3,3,0.9969889521598816
/home/23ucc611/Mini/data/BananaLSD/OriginalSet/sigatoka/17.jpeg,3,3,0.957098126411438
/home/23ucc611/Mini/data/BananaLSD/OriginalSet/sigatoka/170.jpeg,3,3,0.967416524887085
/home/23ucc611/Mini/data/BananaLSD/OriginalSet/sigatoka/171.jpeg,3,3,0.9671282172203064
/home/23ucc611/Mini/data/BananaLSD/OriginalSet/sigatoka/172.jpeg,3,3,0.9997196793556213
/home/23ucc611/Mini/data/BananaLSD/OriginalSet/sigatoka/173.jpeg,3,3,0.9968194961547852
/home/23ucc611/Mini/data/BananaLSD/OriginalSet/sigatoka/174.jpeg,3,3,0.9914453029632568
/home/23ucc611/Mini/data/BananaLSD/OriginalSet/sigatoka/175.jpeg,3,3,0.9865061640739441
/home/23ucc611/Mini/data/BananaLSD/OriginalSet/sigatoka/176.jpeg,3,3,0.9898284673690796
/home/23ucc611/Mini/data/BananaLSD/OriginalSet/sigatoka/177.jpeg,3,3,0.9909824728965759
/home/23ucc611/Mini/data/BananaLSD/OriginalSet/sigatoka/178.jpeg,3,3,0.9806695580482483
/home/23ucc611/Mini/data/BananaLSD/OriginalSet/sigatoka/179.jpeg,3,3,0.9949352145195007
/home/23ucc611/Mini/data/BananaLSD/OriginalSet/sigatoka/18.jpeg,3,3,0.8944315910339355
/home/23ucc611/Mini/data/BananaLSD/OriginalSet/sigatoka/180.jpeg,3,3,0.9744488000869751
/home/23ucc611/Mini/data/BananaLSD/OriginalSet/sigatoka/181.jpeg,3,3,0.9247919321060181
/home/23ucc611/Mini/data/BananaLSD/OriginalSet/sigatoka/182.jpeg,3,3,0.9866083860397339
/home/23ucc611/Mini/data/BananaLSD/OriginalSet/sigatoka/183.jpeg,3,3,0.9823365807533264
/home/23ucc611/Mini/data/BananaLSD/OriginalSet/sigatoka/184.jpeg,3,3,0.9596762657165527
/home/23ucc611/Mini/data/BananaLSD/OriginalSet/sigatoka/185.jpeg,3,3,0.9861520528793335
/home/23ucc611/Mini/data/BananaLSD/OriginalSet/sigatoka/186.jpeg,3,3,0.9701194167137146
/home/23ucc611/Mini/data/BananaLSD/OriginalSet/sigatoka/187.jpeg,3,3,0.9772719144821167
/home/23ucc611/Mini/data/BananaLSD/OriginalSet/sigatoka/188.jpeg,3,3,0.9487216472625732
/home/23ucc611/Mini/data/BananaLSD/OriginalSet/sigatoka/189.jpeg,3,3,0.9995504021644592
/home/23ucc611/Mini/data/BananaLSD/OriginalSet/sigatoka/19.jpeg,3,3,0.5565171837806702
/home/23ucc611/Mini/data/BananaLSD/OriginalSet/sigatoka/190.jpeg,3,3,0.9975841045379639
/home/23ucc611/Mini/data/BananaLSD/OriginalSet/sigatoka/191.jpeg,3,3,0.9988667964935303
/home/23ucc611/Mini/data/BananaLSD/OriginalSet/sigatoka/192.jpeg,3,3,0.9964084029197693
/home/23ucc611/Mini/data/BananaLSD/OriginalSet/sigatoka/193.jpeg,3,3,0.9667874574661255
/home/23ucc611/Mini/data/BananaLSD/OriginalSet/sigatoka/194.jpeg,3,3,0.9912869334220886
/home/23ucc611/Mini/data/BananaLSD/OriginalSet/sigatoka/195.jpeg,3,3,0.949721097946167
/home/23ucc611/Mini/data/BananaLSD/OriginalSet/sigatoka/196.jpeg,3,3,0.9852972626686096
/home/23ucc611/Mini/data/BananaLSD/OriginalSet/sigatoka/197.jpeg,3,3,0.9620475172996521
/home/23ucc611/Mini/data/BananaLSD/OriginalSet/sigatoka/198.jpeg,3,3,0.968120813369751
/home/23ucc611/Mini/data/BananaLSD/OriginalSet/sigatoka/199.jpeg,3,3,0.9686736464500427
/home/23ucc611/Mini/data/BananaLSD/OriginalSet/sigatoka/2.jpeg,3,3,0.9955223798751831
/home/23ucc611/Mini/data/BananaLSD/OriginalSet/sigatoka/20.jpeg,3,3,0.9955933690071106
/home/23ucc611/Mini/data/BananaLSD/OriginalSet/sigatoka/200.jpeg,3,3,0.994284451007843
/home/23ucc611/Mini/data/BananaLSD/OriginalSet/sigatoka/201.jpeg,3,3,0.9602739214897156
/home/23ucc611/Mini/data/BananaLSD/OriginalSet/sigatoka/202.jpeg,3,3,0.9759926199913025
/home/23ucc611/Mini/data/BananaLSD/OriginalSet/sigatoka/203.jpeg,3,3,0.9876776337623596
/home/23ucc611/Mini/data/BananaLSD/OriginalSet/sigatoka/204.jpeg,3,3,0.9848382472991943
/home/23ucc611/Mini/data/BananaLSD/OriginalSet/sigatoka/205.jpeg,3,3,0.9982410669326782
/home/23ucc611/Mini/data/BananaLSD/OriginalSet/sigatoka/206.jpeg,3,3,0.9961493015289307
/home/23ucc611/Mini/data/BananaLSD/OriginalSet/sigatoka/207.jpeg,3,3,0.9982632994651794
/home/23ucc611/Mini/data/BananaLSD/OriginalSet/sigatoka/208.jpeg,3,3,0.9993209838867188
/home/23ucc611/Mini/data/BananaLSD/OriginalSet/sigatoka/209.jpeg,3,3,0.9980266690254211
/home/23ucc611/Mini/data/BananaLSD/OriginalSet/sigatoka/21.jpeg,3,3,0.9897873401641846
/home/23ucc611/Mini/data/BananaLSD/OriginalSet/sigatoka/210.jpeg,3,3,0.9912450909614563
/home/23ucc611/Mini/data/BananaLSD/OriginalSet/sigatoka/211.jpeg,3,3,0.9809163212776184
/home/23ucc611/Mini/data/BananaLSD/OriginalSet/sigatoka/212.jpeg,3,3,0.9938325881958008
/home/23ucc611/Mini/data/BananaLSD/OriginalSet/sigatoka/213.jpeg,3,3,0.9636726975440979
/home/23ucc611/Mini/data/BananaLSD/OriginalSet/sigatoka/214.jpeg,3,3,0.999880313873291
/home/23ucc611/Mini/data/BananaLSD/OriginalSet/sigatoka/215.jpeg,3,3,0.962578535079956
/home/23ucc611/Mini/data/BananaLSD/OriginalSet/sigatoka/216.jpeg,3,3,0.9530699253082275
/home/23ucc611/Mini/data/BananaLSD/OriginalSet/sigatoka/217.jpeg,3,3,0.96656733751297
/home/23ucc611/Mini/data/BananaLSD/OriginalSet/sigatoka/218.jpeg,3,3,0.9950782060623169
/home/23ucc611/Mini/data/BananaLSD/OriginalSet/sigatoka/219.jpeg,3,3,0.9519959092140198
/home/23ucc611/Mini/data/BananaLSD/OriginalSet/sigatoka/22.jpeg,3,3,0.9759984612464905
/home/23ucc611/Mini/data/BananaLSD/OriginalSet/sigatoka/220.jpeg,3,3,0.9995597004890442
/home/23ucc611/Mini/data/BananaLSD/OriginalSet/sigatoka/221.jpeg,3,3,0.9974875450134277
/home/23ucc611/Mini/data/BananaLSD/OriginalSet/sigatoka/222.jpeg,3,3,0.9950332641601562
/home/23ucc611/Mini/data/BananaLSD/OriginalSet/sigatoka/223.jpeg,3,3,0.9875262379646301
/home/23ucc611/Mini/data/BananaLSD/OriginalSet/sigatoka/224.jpeg,3,3,0.9780535697937012
/home/23ucc611/Mini/data/BananaLSD/OriginalSet/sigatoka/225.jpeg,3,3,0.9540585875511169
/home/23ucc611/Mini/data/BananaLSD/OriginalSet/sigatoka/226.jpeg,3,3,0.9676043391227722
/home/23ucc611/Mini/data/BananaLSD/OriginalSet/sigatoka/227.jpeg,3,3,0.9536004066467285
/home/23ucc611/Mini/data/BananaLSD/OriginalSet/sigatoka/228.jpeg,3,3,0.9912472367286682
/home/23ucc611/Mini/data/BananaLSD/OriginalSet/sigatoka/229.jpeg,3,3,0.9734413027763367
/home/23ucc611/Mini/data/BananaLSD/OriginalSet/sigatoka/23.jpeg,3,3,0.9917165637016296
/home/23ucc611/Mini/data/BananaLSD/OriginalSet/sigatoka/230.jpeg,3,3,0.9986788630485535
/home/23ucc611/Mini/data/BananaLSD/OriginalSet/sigatoka/231.jpeg,3,3,0.9875605702400208
/home/23ucc611/Mini/data/BananaLSD/OriginalSet/sigatoka/232.jpeg,3,3,0.9938562512397766
/home/23ucc611/Mini/data/BananaLSD/OriginalSet/sigatoka/233.jpeg,3,3,0.9954447746276855
/home/23ucc611/Mini/data/BananaLSD/OriginalSet/sigatoka/234.jpeg,3,3,0.9848647117614746
/home/23ucc611/Mini/data/BananaLSD/OriginalSet/sigatoka/235.jpeg,3,3,0.9917671084403992
/home/23ucc611/Mini/data/BananaLSD/OriginalSet/sigatoka/236.jpeg,3,3,0.9981912970542908
/home/23ucc611/Mini/data/BananaLSD/OriginalSet/sigatoka/237.jpeg,3,3,0.9947227239608765
/home/23ucc611/Mini/data/BananaLSD/OriginalSet/sigatoka/238.jpeg,3,3,0.9877294898033142
/home/23ucc611/Mini/data/BananaLSD/OriginalSet/sigatoka/239.jpeg,3,3,0.999086856842041
/home/23ucc611/Mini/data/BananaLSD/OriginalSet/sigatoka/24.jpeg,3,3,0.9835411906242371
/home/23ucc611/Mini/data/BananaLSD/OriginalSet/sigatoka/240.jpeg,3,3,0.993513286113739
/home/23ucc611/Mini/data/BananaLSD/OriginalSet/sigatoka/241.jpeg,3,3,0.9865729808807373
/home/23ucc611/Mini/data/BananaLSD/OriginalSet/sigatoka/242.jpeg,3,3,0.9665976166725159
/home/23ucc611/Mini/data/BananaLSD/OriginalSet/sigatoka/243.jpeg,3,3,0.9462185502052307
/home/23ucc611/Mini/data/BananaLSD/OriginalSet/sigatoka/244.jpeg,3,3,0.9975066781044006
/home/23ucc611/Mini/data/BananaLSD/OriginalSet/sigatoka/245.jpeg,3,3,0.9951871037483215
/home/23ucc611/Mini/data/BananaLSD/OriginalSet/sigatoka/246.jpeg,3,3,0.9870193004608154
/home/23ucc611/Mini/data/BananaLSD/OriginalSet/sigatoka/247.jpeg,3,3,0.9988299012184143
/home/23ucc611/Mini/data/BananaLSD/OriginalSet/sigatoka/248.jpeg,3,3,0.9369233250617981
/home/23ucc611/Mini/data/BananaLSD/OriginalSet/sigatoka/249.jpeg,3,3,0.977635383605957
/home/23ucc611/Mini/data/BananaLSD/OriginalSet/sigatoka/25.jpeg,3,3,0.9992417097091675
/home/23ucc611/Mini/data/BananaLSD/OriginalSet/sigatoka/250.jpeg,3,3,0.984688401222229
/home/23ucc611/Mini/data/BananaLSD/OriginalSet/sigatoka/251.jpeg,3,3,0.991965651512146
/home/23ucc611/Mini/data/BananaLSD/OriginalSet/sigatoka/252.jpeg,3,3,0.9888190627098083
/home/23ucc611/Mini/data/BananaLSD/OriginalSet/sigatoka/253.jpeg,3,3,0.9918025135993958
/home/23ucc611/Mini/data/BananaLSD/OriginalSet/sigatoka/254.jpeg,3,3,0.9972330927848816
/home/23ucc611/Mini/data/BananaLSD/OriginalSet/sigatoka/255.jpeg,3,3,0.9978175163269043
/home/23ucc611/Mini/data/BananaLSD/OriginalSet/sigatoka/256.jpeg,3,3,0.9839658737182617
/home/23ucc611/Mini/data/BananaLSD/OriginalSet/sigatoka/257.jpeg,3,3,0.9818980097770691
/home/23ucc611/Mini/data/BananaLSD/OriginalSet/sigatoka/258.jpeg,3,3,0.9716120362281799
/home/23ucc611/Mini/data/BananaLSD/OriginalSet/sigatoka/259.jpeg,3,3,0.9843830466270447
/home/23ucc611/Mini/data/BananaLSD/OriginalSet/sigatoka/26.jpeg,3,3,0.9903318881988525
/home/23ucc611/Mini/data/BananaLSD/OriginalSet/sigatoka/260.jpeg,3,3,0.9881684184074402
/home/23ucc611/Mini/data/BananaLSD/OriginalSet/sigatoka/261.jpeg,3,3,0.9945268034934998
/home/23ucc611/Mini/data/BananaLSD/OriginalSet/sigatoka/262.jpeg,3,3,0.9950610995292664
/home/23ucc611/Mini/data/BananaLSD/OriginalSet/sigatoka/263.jpeg,3,3,0.9622038006782532
/home/23ucc611/Mini/data/BananaLSD/OriginalSet/sigatoka/264.jpeg,3,3,0.9870086312294006
/home/23ucc611/Mini/data/BananaLSD/OriginalSet/sigatoka/265.jpeg,3,3,0.9871206879615784
/home/23ucc611/Mini/data/BananaLSD/OriginalSet/sigatoka/266.jpeg,3,3,0.9731900095939636
/home/23ucc611/Mini/data/BananaLSD/OriginalSet/sigatoka/267.jpeg,3,3,0.9919373393058777
/home/23ucc611/Mini/data/BananaLSD/OriginalSet/sigatoka/268.jpeg,3,3,0.9920547008514404
/home/23ucc611/Mini/data/BananaLSD/OriginalSet/sigatoka/269.jpeg,3,3,0.9893080592155457
/home/23ucc611/Mini/data/BananaLSD/OriginalSet/sigatoka/27.jpeg,3,3,0.9820311069488525
/home/23ucc611/Mini/data/BananaLSD/OriginalSet/sigatoka/270.jpeg,3,3,0.9314379096031189
/home/23ucc611/Mini/data/BananaLSD/OriginalSet/sigatoka/271.jpeg,3,3,0.952525794506073
/home/23ucc611/Mini/data/BananaLSD/OriginalSet/sigatoka/272.jpeg,3,3,0.9451172947883606
/home/23ucc611/Mini/data/BananaLSD/OriginalSet/sigatoka/273.jpeg,3,3,0.955893874168396
/home/23ucc611/Mini/data/BananaLSD/OriginalSet/sigatoka/274.jpeg,3,3,0.9409985542297363
/home/23ucc611/Mini/data/BananaLSD/OriginalSet/sigatoka/275.jpeg,3,3,0.9876440167427063
/home/23ucc611/Mini/data/BananaLSD/OriginalSet/sigatoka/276.jpeg,3,3,0.949321985244751
/home/23ucc611/Mini/data/BananaLSD/OriginalSet/sigatoka/277.jpeg,3,3,0.9296337962150574
/home/23ucc611/Mini/data/BananaLSD/OriginalSet/sigatoka/278.jpeg,3,3,0.9994151592254639
/home/23ucc611/Mini/data/BananaLSD/OriginalSet/sigatoka/279.jpeg,3,3,0.9949525594711304
/home/23ucc611/Mini/data/BananaLSD/OriginalSet/sigatoka/28.jpeg,3,3,0.9735596776008606
/home/23ucc611/Mini/data/BananaLSD/OriginalSet/sigatoka/280.jpeg,3,3,0.9952917098999023
/home/23ucc611/Mini/data/BananaLSD/OriginalSet/sigatoka/281.jpeg,3,3,0.9970828890800476
/home/23ucc611/Mini/data/BananaLSD/OriginalSet/sigatoka/282.jpeg,3,3,0.9979057312011719
/home/23ucc611/Mini/data/BananaLSD/OriginalSet/sigatoka/283.jpeg,3,3,0.9886276125907898
/home/23ucc611/Mini/data/BananaLSD/OriginalSet/sigatoka/284.jpeg,3,3,0.949059009552002
/home/23ucc611/Mini/data/BananaLSD/OriginalSet/sigatoka/285.jpeg,3,3,0.9470643401145935
/home/23ucc611/Mini/data/BananaLSD/OriginalSet/sigatoka/286.jpeg,3,3,0.9715600609779358
/home/23ucc611/Mini/data/BananaLSD/OriginalSet/sigatoka/287.jpeg,3,3,0.9425426721572876
/home/23ucc611/Mini/data/BananaLSD/OriginalSet/sigatoka/288.jpeg,3,3,0.9665656685829163
/home/23ucc611/Mini/data/BananaLSD/OriginalSet/sigatoka/289.jpeg,3,3,0.9999799728393555
/home/23ucc611/Mini/data/BananaLSD/OriginalSet/sigatoka/29.jpeg,3,3,0.9914878606796265
/home/23ucc611/Mini/data/BananaLSD/OriginalSet/sigatoka/290.jpeg,3,3,0.9979941844940186
/home/23ucc611/Mini/data/BananaLSD/OriginalSet/sigatoka/291.jpeg,3,3,0.9969358444213867
/home/23ucc611/Mini/data/BananaLSD/OriginalSet/sigatoka/292.jpeg,3,3,0.9999901056289673
/home/23ucc611/Mini/data/BananaLSD/OriginalSet/sigatoka/293.jpeg,3,3,0.9977936744689941
/home/23ucc611/Mini/data/BananaLSD/OriginalSet/sigatoka/294.jpeg,3,3,0.962291419506073
/home/23ucc611/Mini/data/BananaLSD/OriginalSet/sigatoka/295.jpeg,3,3,0.9900602102279663
/home/23ucc611/Mini/data/BananaLSD/OriginalSet/sigatoka/296.jpeg,3,3,0.9996322393417358
/home/23ucc611/Mini/data/BananaLSD/OriginalSet/sigatoka/297.jpeg,3,3,0.9963870048522949
/home/23ucc611/Mini/data/BananaLSD/OriginalSet/sigatoka/298.jpeg,3,3,0.9986333250999451
/home/23ucc611/Mini/data/BananaLSD/OriginalSet/sigatoka/299.jpeg,3,3,0.9603972434997559
/home/23ucc611/Mini/data/BananaLSD/OriginalSet/sigatoka/3.jpeg,3,3,0.9678124189376831
/home/23ucc611/Mini/data/BananaLSD/OriginalSet/sigatoka/30.jpeg,3,3,0.9884441494941711
/home/23ucc611/Mini/data/BananaLSD/OriginalSet/sigatoka/300.jpeg,3,3,0.9800993800163269
/home/23ucc611/Mini/data/BananaLSD/OriginalSet/sigatoka/301.jpeg,3,3,0.9890611171722412
/home/23ucc611/Mini/data/BananaLSD/OriginalSet/sigatoka/302.jpeg,3,3,0.9826338887214661
/home/23ucc611/Mini/data/BananaLSD/OriginalSet/sigatoka/303.jpeg,3,3,0.9042834639549255
/home/23ucc611/Mini/data/BananaLSD/OriginalSet/sigatoka/304.jpeg,3,3,0.9893352389335632
/home/23ucc611/Mini/data/BananaLSD/OriginalSet/sigatoka/305.jpeg,3,3,0.9981550574302673
/home/23ucc611/Mini/data/BananaLSD/OriginalSet/sigatoka/306.jpeg,3,3,0.9643610119819641
/home/23ucc611/Mini/data/BananaLSD/OriginalSet/sigatoka/307.jpeg,3,3,0.9731151461601257
/home/23ucc611/Mini/data/BananaLSD/OriginalSet/sigatoka/308.jpeg,3,3,0.9983830451965332
/home/23ucc611/Mini/data/BananaLSD/OriginalSet/sigatoka/309.jpeg,3,3,0.9825260639190674
/home/23ucc611/Mini/data/BananaLSD/OriginalSet/sigatoka/31.jpeg,3,3,0.9851417541503906
/home/23ucc611/Mini/data/BananaLSD/OriginalSet/sigatoka/310.jpeg,3,3,0.9739402532577515
/home/23ucc611/Mini/data/BananaLSD/OriginalSet/sigatoka/311.jpeg,3,3,0.9816228151321411
/home/23ucc611/Mini/data/BananaLSD/OriginalSet/sigatoka/312.jpeg,3,3,0.9849064946174622
/home/23ucc611/Mini/data/BananaLSD/OriginalSet/sigatoka/313.jpeg,3,3,0.9908191561698914
/home/23ucc611/Mini/data/BananaLSD/OriginalSet/sigatoka/314.jpeg,3,3,0.9964308738708496
/home/23ucc611/Mini/data/BananaLSD/OriginalSet/sigatoka/315.jpeg,3,3,0.997438907623291
/home/23ucc611/Mini/data/BananaLSD/OriginalSet/sigatoka/316.jpeg,3,3,0.997870683670044
/home/23ucc611/Mini/data/BananaLSD/OriginalSet/sigatoka/317.jpeg,3,3,0.9922487735748291
/home/23ucc611/Mini/data/BananaLSD/OriginalSet/sigatoka/318.jpeg,3,3,0.9816887378692627
/home/23ucc611/Mini/data/BananaLSD/OriginalSet/sigatoka/319.jpeg,3,3,0.992591142654419
/home/23ucc611/Mini/data/BananaLSD/OriginalSet/sigatoka/32.jpeg,3,3,0.9973783493041992
/home/23ucc611/Mini/data/BananaLSD/OriginalSet/sigatoka/320.jpeg,3,3,0.985932469367981
/home/23ucc611/Mini/data/BananaLSD/OriginalSet/sigatoka/321.jpeg,3,3,0.983124852180481
/home/23ucc611/Mini/data/BananaLSD/OriginalSet/sigatoka/322.jpeg,3,3,0.9940705895423889
/home/23ucc611/Mini/data/BananaLSD/OriginalSet/sigatoka/323.jpeg,3,3,0.9945719838142395
/home/23ucc611/Mini/data/BananaLSD/OriginalSet/sigatoka/324.jpeg,3,3,0.9973325729370117
/home/23ucc611/Mini/data/BananaLSD/OriginalSet/sigatoka/325.jpeg,3,3,0.982672929763794
/home/23ucc611/Mini/data/BananaLSD/OriginalSet/sigatoka/326.jpeg,3,3,0.9994912147521973
/home/23ucc611/Mini/data/BananaLSD/OriginalSet/sigatoka/327.jpeg,3,3,0.9798007011413574
/home/23ucc611/Mini/data/BananaLSD/OriginalSet/sigatoka/328.jpeg,3,3,0.9827812314033508
/home/23ucc611/Mini/data/BananaLSD/OriginalSet/sigatoka/329.jpeg,3,3,0.995596706867218
/home/23ucc611/Mini/data/BananaLSD/OriginalSet/sigatoka/33.jpeg,3,3,0.9609497785568237
/home/23ucc611/Mini/data/BananaLSD/OriginalSet/sigatoka/330.jpeg,3,3,0.9948815107345581
/home/23ucc611/Mini/data/BananaLSD/OriginalSet/sigatoka/331.jpeg,3,3,0.9753997921943665
/home/23ucc611/Mini/data/BananaLSD/OriginalSet/sigatoka/332.jpeg,3,3,0.9940510392189026
/home/23ucc611/Mini/data/BananaLSD/OriginalSet/sigatoka/333.jpeg,3,3,0.991584062576294
/home/23ucc611/Mini/data/BananaLSD/OriginalSet/sigatoka/334.jpeg,3,3,0.9909253120422363
/home/23ucc611/Mini/data/BananaLSD/OriginalSet/sigatoka/335.jpeg,3,3,0.9942838549613953
/home/23ucc611/Mini/data/BananaLSD/OriginalSet/sigatoka/336.jpeg,3,3,0.9423155784606934
/home/23ucc611/Mini/data/BananaLSD/OriginalSet/sigatoka/337.jpeg,3,3,0.9965775609016418
/home/23ucc611/Mini/data/BananaLSD/OriginalSet/sigatoka/338.jpeg,3,3,0.9821866750717163
/home/23ucc611/Mini/data/BananaLSD/OriginalSet/sigatoka/339.jpeg,3,3,0.9842706322669983
/home/23ucc611/Mini/data/BananaLSD/OriginalSet/sigatoka/34.jpeg,3,3,0.9771410226821899
/home/23ucc611/Mini/data/BananaLSD/OriginalSet/sigatoka/340.jpeg,3,3,0.9874393343925476
/home/23ucc611/Mini/data/BananaLSD/OriginalSet/sigatoka/341.jpeg,3,3,0.9902204275131226
/home/23ucc611/Mini/data/BananaLSD/OriginalSet/sigatoka/342.jpeg,3,3,0.9518795609474182
/home/23ucc611/Mini/data/BananaLSD/OriginalSet/sigatoka/343.jpeg,3,3,0.9960535764694214
/home/23ucc611/Mini/data/BananaLSD/OriginalSet/sigatoka/344.jpeg,3,3,0.9792712330818176
/home/23ucc611/Mini/data/BananaLSD/OriginalSet/sigatoka/345.jpeg,3,3,0.9875463843345642
/home/23ucc611/Mini/data/BananaLSD/OriginalSet/sigatoka/346.jpeg,3,3,0.9966530203819275
/home/23ucc611/Mini/data/BananaLSD/OriginalSet/sigatoka/347.jpeg,3,3,0.9822792410850525
/home/23ucc611/Mini/data/BananaLSD/OriginalSet/sigatoka/348.jpeg,3,3,0.9855254292488098
/home/23ucc611/Mini/data/BananaLSD/OriginalSet/sigatoka/349.jpeg,3,3,0.9999916553497314
/home/23ucc611/Mini/data/BananaLSD/OriginalSet/sigatoka/35.jpeg,3,3,0.9619746208190918
/home/23ucc611/Mini/data/BananaLSD/OriginalSet/sigatoka/350.jpeg,3,3,0.991932213306427
/home/23ucc611/Mini/data/BananaLSD/OriginalSet/sigatoka/351.jpeg,3,3,0.9805957078933716
/home/23ucc611/Mini/data/BananaLSD/OriginalSet/sigatoka/352.jpeg,3,3,0.9831341505050659
/home/23ucc611/Mini/data/BananaLSD/OriginalSet/sigatoka/353.jpeg,3,3,0.9920061230659485
/home/23ucc611/Mini/data/BananaLSD/OriginalSet/sigatoka/354.jpeg,3,3,0.9822782278060913
/home/23ucc611/Mini/data/BananaLSD/OriginalSet/sigatoka/355.jpeg,3,3,0.9924618601799011
/home/23ucc611/Mini/data/BananaLSD/OriginalSet/sigatoka/356.jpeg,3,3,0.9727272391319275
/home/23ucc611/Mini/data/BananaLSD/OriginalSet/sigatoka/357.jpeg,3,3,0.9645375609397888
/home/23ucc611/Mini/data/BananaLSD/OriginalSet/sigatoka/358.jpeg,3,3,0.9921538233757019
/home/23ucc611/Mini/data/BananaLSD/OriginalSet/sigatoka/359.jpeg,3,3,0.9932689070701599
/home/23ucc611/Mini/data/BananaLSD/OriginalSet/sigatoka/36.jpeg,3,3,0.9695972204208374
/home/23ucc611/Mini/data/BananaLSD/OriginalSet/sigatoka/360.jpeg,3,3,0.9992662072181702
/home/23ucc611/Mini/data/BananaLSD/OriginalSet/sigatoka/361.jpeg,3,3,0.9909891486167908
/home/23ucc611/Mini/data/BananaLSD/OriginalSet/sigatoka/362.jpeg,3,3,0.9901042580604553
/home/23ucc611/Mini/data/BananaLSD/OriginalSet/sigatoka/363.jpeg,3,3,0.9968780279159546
/home/23ucc611/Mini/data/BananaLSD/OriginalSet/sigatoka/364.jpeg,3,3,0.9901304841041565
/home/23ucc611/Mini/data/BananaLSD/OriginalSet/sigatoka/365.jpeg,3,3,0.9975538849830627
/home/23ucc611/Mini/data/BananaLSD/OriginalSet/sigatoka/366.jpeg,3,3,0.9987653493881226
/home/23ucc611/Mini/data/BananaLSD/OriginalSet/sigatoka/367.jpeg,3,3,0.9974188804626465
/home/23ucc611/Mini/data/BananaLSD/OriginalSet/sigatoka/368.jpeg,3,3,0.9961349964141846
/home/23ucc611/Mini/data/BananaLSD/OriginalSet/sigatoka/369.jpeg,3,3,0.9874221086502075
/home/23ucc611/Mini/data/BananaLSD/OriginalSet/sigatoka/37.jpeg,3,3,0.9796383380889893
/home/23ucc611/Mini/data/BananaLSD/OriginalSet/sigatoka/370.jpeg,3,3,0.9943623542785645
/home/23ucc611/Mini/data/BananaLSD/OriginalSet/sigatoka/371.jpeg,3,3,0.9936855435371399
/home/23ucc611/Mini/data/BananaLSD/OriginalSet/sigatoka/372.jpeg,3,3,0.9789541363716125
/home/23ucc611/Mini/data/BananaLSD/OriginalSet/sigatoka/373.jpeg,3,3,0.9750697612762451
/home/23ucc611/Mini/data/BananaLSD/OriginalSet/sigatoka/374.jpeg,3,3,0.985301673412323
/home/23ucc611/Mini/data/BananaLSD/OriginalSet/sigatoka/375.jpeg,3,3,0.9921431541442871
/home/23ucc611/Mini/data/BananaLSD/OriginalSet/sigatoka/376.jpeg,3,3,0.9830366969108582
/home/23ucc611/Mini/data/BananaLSD/OriginalSet/sigatoka/377.jpeg,3,3,0.9974383115768433
/home/23ucc611/Mini/data/BananaLSD/OriginalSet/sigatoka/378.jpeg,3,3,0.9799718260765076
/home/23ucc611/Mini/data/BananaLSD/OriginalSet/sigatoka/379.jpeg,3,3,0.9981409311294556
/home/23ucc611/Mini/data/BananaLSD/OriginalSet/sigatoka/38.jpeg,3,3,0.9815736413002014
/home/23ucc611/Mini/data/BananaLSD/OriginalSet/sigatoka/380.jpeg,3,3,0.9931174516677856
/home/23ucc611/Mini/data/BananaLSD/OriginalSet/sigatoka/381.jpeg,3,3,0.9947749376296997
/home/23ucc611/Mini/data/BananaLSD/OriginalSet/sigatoka/382.jpeg,3,3,0.9765639305114746
/home/23ucc611/Mini/data/BananaLSD/OriginalSet/sigatoka/383.jpeg,3,3,0.9863063097000122
/home/23ucc611/Mini/data/BananaLSD/OriginalSet/sigatoka/384.jpeg,3,3,0.9954244494438171
/home/23ucc611/Mini/data/BananaLSD/OriginalSet/sigatoka/385.jpeg,3,3,0.9984057545661926
/home/23ucc611/Mini/data/BananaLSD/OriginalSet/sigatoka/386.jpeg,3,3,0.9730597734451294
/home/23ucc611/Mini/data/BananaLSD/OriginalSet/sigatoka/387.jpeg,3,3,0.9900674819946289
/home/23ucc611/Mini/data/BananaLSD/OriginalSet/sigatoka/388.jpeg,3,3,0.9794571995735168
/home/23ucc611/Mini/data/BananaLSD/OriginalSet/sigatoka/389.jpeg,3,3,0.9780182242393494
/home/23ucc611/Mini/data/BananaLSD/OriginalSet/sigatoka/39.jpeg,3,3,0.9926485419273376
/home/23ucc611/Mini/data/BananaLSD/OriginalSet/sigatoka/390.jpeg,3,3,0.986472487449646
/home/23ucc611/Mini/data/BananaLSD/OriginalSet/sigatoka/391.jpeg,3,3,0.9865441918373108
/home/23ucc611/Mini/data/BananaLSD/OriginalSet/sigatoka/392.jpeg,3,3,0.9826231002807617
/home/23ucc611/Mini/data/BananaLSD/OriginalSet/sigatoka/393.jpeg,3,3,0.9932230710983276
/home/23ucc611/Mini/data/BananaLSD/OriginalSet/sigatoka/394.jpeg,3,3,0.9677584767341614
/home/23ucc611/Mini/data/BananaLSD/OriginalSet/sigatoka/395.jpeg,3,3,0.9950249791145325
/home/23ucc611/Mini/data/BananaLSD/OriginalSet/sigatoka/396.jpeg,3,3,0.9976692795753479
/home/23ucc611/Mini/data/BananaLSD/OriginalSet/sigatoka/397.jpeg,3,3,0.9751843810081482
/home/23ucc611/Mini/data/BananaLSD/OriginalSet/sigatoka/398.jpeg,3,3,0.9853575825691223
/home/23ucc611/Mini/data/BananaLSD/OriginalSet/sigatoka/399.jpeg,3,3,0.9824778437614441
/home/23ucc611/Mini/data/BananaLSD/OriginalSet/sigatoka/4.jpeg,3,3,0.9980962872505188
/home/23ucc611/Mini/data/BananaLSD/OriginalSet/sigatoka/40.jpeg,3,3,0.9914865493774414
/home/23ucc611/Mini/data/BananaLSD/OriginalSet/sigatoka/400.jpeg,3,3,0.9924041628837585
/home/23ucc611/Mini/data/BananaLSD/OriginalSet/sigatoka/401.jpeg,3,3,0.9895003437995911
/home/23ucc611/Mini/data/BananaLSD/OriginalSet/sigatoka/402.jpeg,3,3,0.9987394213676453
/home/23ucc611/Mini/data/BananaLSD/OriginalSet/sigatoka/403.jpeg,3,3,0.9964755177497864
/home/23ucc611/Mini/data/BananaLSD/OriginalSet/sigatoka/404.jpeg,3,3,0.9877212643623352
/home/23ucc611/Mini/data/BananaLSD/OriginalSet/sigatoka/405.jpeg,3,3,0.9790024757385254
/home/23ucc611/Mini/data/BananaLSD/OriginalSet/sigatoka/406.jpeg,3,3,0.9863420128822327
/home/23ucc611/Mini/data/BananaLSD/OriginalSet/sigatoka/407.jpeg,3,3,0.978137731552124
/home/23ucc611/Mini/data/BananaLSD/OriginalSet/sigatoka/408.jpeg,3,3,0.9909048676490784
/home/23ucc611/Mini/data/BananaLSD/OriginalSet/sigatoka/409.jpeg,3,3,0.9733107089996338
/home/23ucc611/Mini/data/BananaLSD/OriginalSet/sigatoka/41.jpeg,3,3,0.9665664434432983
/home/23ucc611/Mini/data/BananaLSD/OriginalSet/sigatoka/410.jpeg,3,3,0.9946392178535461
/home/23ucc611/Mini/data/BananaLSD/OriginalSet/sigatoka/411.jpeg,3,3,0.9856393337249756
/home/23ucc611/Mini/data/BananaLSD/OriginalSet/sigatoka/412.jpeg,3,3,0.9888573288917542
/home/23ucc611/Mini/data/BananaLSD/OriginalSet/sigatoka/413.jpeg,3,3,0.9982823133468628
/home/23ucc611/Mini/data/BananaLSD/OriginalSet/sigatoka/414.jpeg,3,3,0.991104006767273
/home/23ucc611/Mini/data/BananaLSD/OriginalSet/sigatoka/415.jpeg,3,3,0.818834662437439
/home/23ucc611/Mini/data/BananaLSD/OriginalSet/sigatoka/416.jpeg,3,3,0.9906988739967346
/home/23ucc611/Mini/data/BananaLSD/OriginalSet/sigatoka/417.jpeg,3,3,0.9363308548927307
/home/23ucc611/Mini/data/BananaLSD/OriginalSet/sigatoka/418.jpeg,3,3,0.9746501445770264
/home/23ucc611/Mini/data/BananaLSD/OriginalSet/sigatoka/419.jpeg,3,3,0.8979824185371399
/home/23ucc611/Mini/data/BananaLSD/OriginalSet/sigatoka/42.jpeg,3,3,0.9481655359268188
/home/23ucc611/Mini/data/BananaLSD/OriginalSet/sigatoka/420.jpeg,3,3,0.9624814391136169
/home/23ucc611/Mini/data/BananaLSD/OriginalSet/sigatoka/421.jpeg,3,3,0.9006545543670654
/home/23ucc611/Mini/data/BananaLSD/OriginalSet/sigatoka/422.jpeg,3,3,0.9913656711578369
/home/23ucc611/Mini/data/BananaLSD/OriginalSet/sigatoka/423.jpeg,3,3,0.9974445104598999
/home/23ucc611/Mini/data/BananaLSD/OriginalSet/sigatoka/424.jpeg,3,3,0.9858351349830627
/home/23ucc611/Mini/data/BananaLSD/OriginalSet/sigatoka/425.jpeg,3,3,0.9928575754165649
/home/23ucc611/Mini/data/BananaLSD/OriginalSet/sigatoka/426.jpeg,3,3,0.9671045541763306
/home/23ucc611/Mini/data/BananaLSD/OriginalSet/sigatoka/427.jpeg,3,3,0.9772695302963257
/home/23ucc611/Mini/data/BananaLSD/OriginalSet/sigatoka/428.jpeg,3,3,0.8424890637397766
/home/23ucc611/Mini/data/BananaLSD/OriginalSet/sigatoka/429.jpeg,3,3,0.9787429571151733
/home/23ucc611/Mini/data/BananaLSD/OriginalSet/sigatoka/43.jpeg,3,3,0.9717385768890381
/home/23ucc611/Mini/data/BananaLSD/OriginalSet/sigatoka/430.jpeg,3,3,0.9581491351127625
/home/23ucc611/Mini/data/BananaLSD/OriginalSet/sigatoka/431.jpeg,3,3,0.9915714263916016
/home/23ucc611/Mini/data/BananaLSD/OriginalSet/sigatoka/432.jpeg,3,3,0.9741718173027039
/home/23ucc611/Mini/data/BananaLSD/OriginalSet/sigatoka/433.jpeg,3,3,0.9521018862724304
/home/23ucc611/Mini/data/BananaLSD/OriginalSet/sigatoka/434.jpeg,3,3,0.9550267457962036
/home/23ucc611/Mini/data/BananaLSD/OriginalSet/sigatoka/435.jpeg,3,3,0.9738634824752808
/home/23ucc611/Mini/data/BananaLSD/OriginalSet/sigatoka/436.jpeg,3,3,0.9951775074005127
/home/23ucc611/Mini/data/BananaLSD/OriginalSet/sigatoka/437.jpeg,3,3,0.9918457865715027
/home/23ucc611/Mini/data/BananaLSD/OriginalSet/sigatoka/438.jpeg,3,3,0.9649243950843811
/home/23ucc611/Mini/data/BananaLSD/OriginalSet/sigatoka/439.jpeg,3,3,0.9695267081260681
/home/23ucc611/Mini/data/BananaLSD/OriginalSet/sigatoka/44.jpeg,3,3,0.9472558498382568
/home/23ucc611/Mini/data/BananaLSD/OriginalSet/sigatoka/440.jpeg,3,3,0.9873288869857788
/home/23ucc611/Mini/data/BananaLSD/OriginalSet/sigatoka/441.jpeg,3,3,0.9842423796653748
/home/23ucc611/Mini/data/BananaLSD/OriginalSet/sigatoka/442.jpeg,3,3,0.9520829916000366
/home/23ucc611/Mini/data/BananaLSD/OriginalSet/sigatoka/443.jpeg,3,3,0.9787262678146362
/home/23ucc611/Mini/data/BananaLSD/OriginalSet/sigatoka/444.jpeg,3,3,0.9795907735824585
/home/23ucc611/Mini/data/BananaLSD/OriginalSet/sigatoka/445.jpeg,3,3,0.9990266561508179
/home/23ucc611/Mini/data/BananaLSD/OriginalSet/sigatoka/446.jpeg,3,3,0.9545117616653442
/home/23ucc611/Mini/data/BananaLSD/OriginalSet/sigatoka/447.jpeg,3,3,0.9980348944664001
/home/23ucc611/Mini/data/BananaLSD/OriginalSet/sigatoka/448.jpeg,3,3,0.9763346910476685
/home/23ucc611/Mini/data/BananaLSD/OriginalSet/sigatoka/449.jpeg,3,3,0.9973410964012146
/home/23ucc611/Mini/data/BananaLSD/OriginalSet/sigatoka/45.jpeg,3,3,0.9575674533843994
/home/23ucc611/Mini/data/BananaLSD/OriginalSet/sigatoka/450.jpeg,3,3,0.9860299229621887
/home/23ucc611/Mini/data/BananaLSD/OriginalSet/sigatoka/451.jpeg,3,3,0.9997944235801697
/home/23ucc611/Mini/data/BananaLSD/OriginalSet/sigatoka/452.jpeg,3,3,0.9946528673171997
/home/23ucc611/Mini/data/BananaLSD/OriginalSet/sigatoka/453.jpeg,3,3,0.9848260879516602
/home/23ucc611/Mini/data/BananaLSD/OriginalSet/sigatoka/454.jpeg,3,3,0.9694724678993225
/home/23ucc611/Mini/data/BananaLSD/OriginalSet/sigatoka/455.jpeg,3,3,0.9936643838882446
/home/23ucc611/Mini/data/BananaLSD/OriginalSet/sigatoka/456.jpeg,3,3,0.9417092204093933
/home/23ucc611/Mini/data/BananaLSD/OriginalSet/sigatoka/457.jpeg,3,3,0.9935029149055481
/home/23ucc611/Mini/data/BananaLSD/OriginalSet/sigatoka/458.jpeg,3,3,0.9993278980255127
/home/23ucc611/Mini/data/BananaLSD/OriginalSet/sigatoka/459.jpeg,3,3,0.9924622774124146
/home/23ucc611/Mini/data/BananaLSD/OriginalSet/sigatoka/46.jpeg,3,3,0.9483253359794617
/home/23ucc611/Mini/data/BananaLSD/OriginalSet/sigatoka/460.jpeg,3,3,0.9641403555870056
/home/23ucc611/Mini/data/BananaLSD/OriginalSet/sigatoka/461.jpeg,3,3,0.9751113653182983
/home/23ucc611/Mini/data/BananaLSD/OriginalSet/sigatoka/462.jpeg,3,3,0.9691500067710876
/home/23ucc611/Mini/data/BananaLSD/OriginalSet/sigatoka/463.jpeg,3,3,0.9995737671852112
/home/23ucc611/Mini/data/BananaLSD/OriginalSet/sigatoka/464.jpeg,3,3,0.9664183855056763
/home/23ucc611/Mini/data/BananaLSD/OriginalSet/sigatoka/465.jpeg,3,3,0.9885516166687012
/home/23ucc611/Mini/data/BananaLSD/OriginalSet/sigatoka/466.jpeg,3,3,0.9845177531242371
/home/23ucc611/Mini/data/BananaLSD/OriginalSet/sigatoka/467.jpeg,3,3,0.9979010820388794
/home/23ucc611/Mini/data/BananaLSD/OriginalSet/sigatoka/468.jpeg,3,3,0.8120908737182617
/home/23ucc611/Mini/data/BananaLSD/OriginalSet/sigatoka/469.jpeg,3,3,0.994083821773529
/home/23ucc611/Mini/data/BananaLSD/OriginalSet/sigatoka/47.jpeg,3,3,0.9720404744148254
/home/23ucc611/Mini/data/BananaLSD/OriginalSet/sigatoka/470.jpeg,3,3,0.9910955429077148
/home/23ucc611/Mini/data/BananaLSD/OriginalSet/sigatoka/471.jpeg,3,3,0.9934347867965698
/home/23ucc611/Mini/data/BananaLSD/OriginalSet/sigatoka/472.jpeg,3,3,0.614023745059967
/home/23ucc611/Mini/data/BananaLSD/OriginalSet/sigatoka/48.jpeg,3,3,0.9698886871337891
/home/23ucc611/Mini/data/BananaLSD/OriginalSet/sigatoka/49.jpeg,3,3,0.9348084926605225
/home/23ucc611/Mini/data/BananaLSD/OriginalSet/sigatoka/5.jpeg,3,3,0.986828625202179
/home/23ucc611/Mini/data/BananaLSD/OriginalSet/sigatoka/50.jpeg,3,3,0.9828829169273376
/home/23ucc611/Mini/data/BananaLSD/OriginalSet/sigatoka/51.jpeg,3,3,0.9959664344787598
/home/23ucc611/Mini/data/BananaLSD/OriginalSet/sigatoka/52.jpeg,3,3,0.9577764272689819
/home/23ucc611/Mini/data/BananaLSD/OriginalSet/sigatoka/53.jpeg,3,3,0.9717872142791748
/home/23ucc611/Mini/data/BananaLSD/OriginalSet/sigatoka/54.jpeg,3,3,0.971900999546051
/home/23ucc611/Mini/data/BananaLSD/OriginalSet/sigatoka/55.jpeg,3,3,0.9548667073249817
/home/23ucc611/Mini/data/BananaLSD/OriginalSet/sigatoka/56.jpeg,3,3,0.9812536835670471
/home/23ucc611/Mini/data/BananaLSD/OriginalSet/sigatoka/57.jpeg,3,3,0.9506759643554688
/home/23ucc611/Mini/data/BananaLSD/OriginalSet/sigatoka/58.jpeg,3,3,0.99818354845047
/home/23ucc611/Mini/data/BananaLSD/OriginalSet/sigatoka/59.jpeg,3,3,0.9345307946205139
/home/23ucc611/Mini/data/BananaLSD/OriginalSet/sigatoka/6.jpeg,3,3,0.9992628693580627
/home/23ucc611/Mini/data/BananaLSD/OriginalSet/sigatoka/60.jpeg,3,3,0.980472981929779
/home/23ucc611/Mini/data/BananaLSD/OriginalSet/sigatoka/61.jpeg,3,3,0.9851559400558472
/home/23ucc611/Mini/data/BananaLSD/OriginalSet/sigatoka/62.jpeg,3,3,0.9081025123596191
/home/23ucc611/Mini/data/BananaLSD/OriginalSet/sigatoka/63.jpeg,3,3,0.9668427109718323
/home/23ucc611/Mini/data/BananaLSD/OriginalSet/sigatoka/64.jpeg,3,3,0.9791157841682434
/home/23ucc611/Mini/data/BananaLSD/OriginalSet/sigatoka/65.jpeg,3,3,0.9976823329925537
/home/23ucc611/Mini/data/BananaLSD/OriginalSet/sigatoka/66.jpeg,3,3,0.999835729598999
/home/23ucc611/Mini/data/BananaLSD/OriginalSet/sigatoka/67.jpeg,3,3,0.9884877800941467
/home/23ucc611/Mini/data/BananaLSD/OriginalSet/sigatoka/68.jpeg,3,3,0.9900919795036316
/home/23ucc611/Mini/data/BananaLSD/OriginalSet/sigatoka/69.jpeg,3,3,0.9989219903945923
/home/23ucc611/Mini/data/BananaLSD/OriginalSet/sigatoka/7.jpeg,3,3,0.9946082830429077
/home/23ucc611/Mini/data/BananaLSD/OriginalSet/sigatoka/70.jpeg,3,3,0.9954599738121033
/home/23ucc611/Mini/data/BananaLSD/OriginalSet/sigatoka/71.jpeg,3,3,0.9769541621208191
/home/23ucc611/Mini/data/BananaLSD/OriginalSet/sigatoka/72.jpeg,3,3,0.9803717732429504
/home/23ucc611/Mini/data/BananaLSD/OriginalSet/sigatoka/73.jpeg,3,3,0.9655786156654358
/home/23ucc611/Mini/data/BananaLSD/OriginalSet/sigatoka/74.jpeg,3,3,0.9971464276313782
/home/23ucc611/Mini/data/BananaLSD/OriginalSet/sigatoka/75.jpeg,3,3,0.9909941554069519
/home/23ucc611/Mini/data/BananaLSD/OriginalSet/sigatoka/76.jpeg,3,3,0.9933655858039856
/home/23ucc611/Mini/data/BananaLSD/OriginalSet/sigatoka/77.jpeg,3,3,0.999007523059845
/home/23ucc611/Mini/data/BananaLSD/OriginalSet/sigatoka/78.jpeg,3,3,0.9951942563056946
/home/23ucc611/Mini/data/BananaLSD/OriginalSet/sigatoka/79.jpeg,3,3,0.9784608483314514
/home/23ucc611/Mini/data/BananaLSD/OriginalSet/sigatoka/8.jpeg,3,3,0.8733537197113037
/home/23ucc611/Mini/data/BananaLSD/OriginalSet/sigatoka/80.jpeg,3,3,0.985458493232727
/home/23ucc611/Mini/data/BananaLSD/OriginalSet/sigatoka/81.jpeg,3,3,0.993536651134491
/home/23ucc611/Mini/data/BananaLSD/OriginalSet/sigatoka/82.jpeg,3,3,0.9999605417251587
/home/23ucc611/Mini/data/BananaLSD/OriginalSet/sigatoka/83.jpeg,3,3,0.9932418465614319
/home/23ucc611/Mini/data/BananaLSD/OriginalSet/sigatoka/84.jpeg,3,3,0.9828749895095825
/home/23ucc611/Mini/data/BananaLSD/OriginalSet/sigatoka/85.jpeg,3,3,0.9784738421440125
/home/23ucc611/Mini/data/BananaLSD/OriginalSet/sigatoka/86.jpeg,3,3,0.9635021090507507
/home/23ucc611/Mini/data/BananaLSD/OriginalSet/sigatoka/87.jpeg,3,3,0.9957948923110962
/home/23ucc611/Mini/data/BananaLSD/OriginalSet/sigatoka/88.jpeg,3,3,0.9965787529945374
/home/23ucc611/Mini/data/BananaLSD/OriginalSet/sigatoka/89.jpeg,3,3,0.8248926997184753
/home/23ucc611/Mini/data/BananaLSD/OriginalSet/sigatoka/9.jpeg,3,3,0.987747073173523
/home/23ucc611/Mini/data/BananaLSD/OriginalSet/sigatoka/90.jpeg,3,3,0.9801831245422363
/home/23ucc611/Mini/data/BananaLSD/OriginalSet/sigatoka/91.jpeg,3,3,0.9857128858566284
/home/23ucc611/Mini/data/BananaLSD/OriginalSet/sigatoka/92.jpeg,3,3,0.9808480739593506
/home/23ucc611/Mini/data/BananaLSD/OriginalSet/sigatoka/93.jpeg,3,3,0.986671507358551
/home/23ucc611/Mini/data/BananaLSD/OriginalSet/sigatoka/94.jpeg,3,3,0.9977574944496155
/home/23ucc611/Mini/data/BananaLSD/OriginalSet/sigatoka/95.jpeg,3,3,0.9997071623802185
/home/23ucc611/Mini/data/BananaLSD/OriginalSet/sigatoka/96.jpeg,3,3,0.9997254014015198
/home/23ucc611/Mini/data/BananaLSD/OriginalSet/sigatoka/97.jpeg,3,3,0.9847266674041748
/home/23ucc611/Mini/data/BananaLSD/OriginalSet/sigatoka/98.jpeg,3,3,0.991037130355835
/home/23ucc611/Mini/data/BananaLSD/OriginalSet/sigatoka/99.jpeg,3,3,0.9943397641181946
